cilindro,medidacorte,cortepassanteace,cortepassante,medidardacedb,medidaCRDacedb,infoRebaixoComp,infoRebaixoDiam,medidaRD,medidaCRD,medidaRT,medidartaced,medidaRTpassante,medidaRD_MI,medidaCRDMI,medidaRT_MI,imghasteaced,imagemdahaste,medidarebaixo,medidacomprimento,rebaixobocadechave,diamrebbocadechave,rebaixotraseira,rebaixooring,distanciaoring,diametrohaste,imgpassante,materiaprima,embolo,medidaRD_CCB,medidaRT_CCB,medidacortetubo,cortetuboccmbpassante,rosca,imagemdotubo,materiaprimatubo,diametroguia,materiaprimaguia,medidaguia,roscaguia,imagemguia,diametrotirante,materiaprimatirante,medidatirante,roscatirante,roscatiranteb,imagemtirante,rebaixoDianteiraCCMB,rebaixoTraseiraCCMB,furacao,imgAlimentacao,c,diametroc,a,diametroae,b,ctraseira,diametroctraseira,atraseira,diametroaetraseira,btraseira,roscaalimentacao,comprimentoalimentacao,diametrorebaixo,comprimentorebaixo,diamx,compx,diamz,distz,compz
ACE12S,"25,5mm",,,M3 X ,8mm F,,,M3 X ,8mm F,"M3x0,5 X 17mm",,,,8mm F,,img/hff-aced.png,img/AceS.png,"0,5mm",3mm,"3,5mm","5,7mm"," Ø5  X  7,5mm",,,Ø6,img/hfm-aced.png,HASTE-06,,,,15mm,,"M6x0,5 X 12mm",imgTubo/ace.png,1L2A0066Y,,,,,,,,,,,,,,,,,,,,,,,,,,,,,,,,,,
ACE16S,"26,5mm",,,M4 X ,10mm F,,,M4 X ,10mm F,"M4x0,7 X 20mm",,,,10mm F,,img/hff-aced.png,img/AceS.png,"0,5mm","4,5mm",5mm,"7,7mm","Ø6  X  8,5mm",Ø5  X  2mm,"6,5mm",Ø8,img/hfm-aced.png,HASTE-08,,,,15mm,,"M6x0,5 X 12mm",imgTubo/ace.png,1L2A0067Y,,,,,,,,,,,,,,,,,,,,,,,,,,,,,,,,,,
ACE20S,"28,5mm","19,5mm","36,5mm",M6 X ,14mm F,,,M6 X ,14mm F,"M5x0,8 X 25mm",M6x1 X 12mm F,M6x1 X 16mm M,,14mm F,,img/hff-aced.png,img/AceS.png,"0,5mm","4,5mm",5mm,"9,7mm",Ø8  X  8mm,"Ø7,5  X  2mm",6mm ,Ø10,img/hfm-aced.png,HASTE-10,,,,16mm,,"M8x0,75 X 16mm",imgTubo/ace.png,1L2A0068Y,,,,,,,,,,,,,,,,,,,,,,,,,,,,,,,,,,
ACE25S,29mm,21mm,36mm,M6 X ,15mm F,,,M6 X ,15mm F,"M5x0,8 X 15mm",M6x1 X 12mm F,M6x1 X 18mm M,,15mm F,,img/hff-aced.png,img/AceS.png,"0,5mm","4,5mm",5mm,"9,7mm",Ø8  X  8mm,"Ø7,5  X  2mm",6mm ,Ø10,img/hfm-aced.png,HASTE-10,,,,17mm,,"M8x0,75 X 16mm",imgTubo/ace.png,1L2A0069Y,,,,,,,,,,,,,,,,,,,,,,,,,,,,,,,,,,
ACE32SG,32mm,"23,5mm","44,5mm",M8 X ,16mm F,,,M8 X ,16mm F,M6x1 X 17mm,"M8x1,25 X 21mm F","M8x1,25 X 21mm M",,16mm F,,img/hff-aced.png,img/AceS.png,1mm,"4,5mm",5mm,"11,5mm",Ø10  X  9mm,Ø9 x 2mm,7mm,Ø12,img/hfm-aced.png,HASTE-12,,,,16mm,,M10x1 X 20mm,imgTubo/ace.png,1L2A0070Y,,,,,,,,,,,,,,,,,,,,,,,,,,,,,,,,,,
ACE40SG,"29,5mm",24mm,"41,5mm",M8 X,16mm F,,,M8 X ,16mm F,M6x1 X 17mm,"M8x1,25   X  25mm F","M8x1,25   X  25mm M",,16mm F,,img/hff-aced.png,img/AceS.png,1mm,5mm,"5,5mm","11,5mm","Ø9,8   X   7mm","Ø7,60 x 2mm","1,5mm",Ø12,img/hfm-aced.png,HASTE-12,,,,17mm,,M10x1 X 20mm,imgTubo/ace.png,1L2A0071Y,,,,,,,,,,,,,,,,,,,,,,,,,,,,,,,,,,
ACE50SG,"28,5mm","26,5mm","53,5mm",M10 X ,20mm F,,,M10 X ,20mm F,"M8x1,25 X 21mm","M12x1,25 X 16mm F","M12x1,25 X 27mm M",,20mm F,,img/hff-aced.png,img/AceS.png,"1,5mm",7mm,8mm,"15,5mm","Ø11,8  X   5mm","Ø9,25 x 2mm","1,5mm",Ø16,img/hfm-aced.png,HASTE-16,,,,17mm,,M12x1 X 24mm,imgTubo/ace.png,1L2A0072Y,,,,,,,,,,,,,,,,,,,,,,,,,,,,,,,,,,
ACE63SG,"30,5mm","27,5mm",56mm,M10 X ,20mm F,,,M10 X ,20mm F,"M8x1,25 X 21mm","M12x1,25 X 24mm F","M12x1,25 X 28,5mm M",,20mm F,,img/hff-aced.png,img/AceS.png,"1,5mm",7mm,8mm,"15,5mm","Ø11,8   X   5mm","Ø9,25 x 2mm","1,5mm",Ø16,img/hfm-aced.png,HASTE-16,,,,19mm,,M12x1 X 24mm,imgTubo/ace.png,1L2A0073Y,,,,,,,,,,,,,,,,,,,,,,,,,,,,,,,,,,
ACE80SG,30mm,,,M12 X ,20mm F,,,M12 X ,20mm F,"M10x1,5 X 25mm", ,,,20mm F,,img/hff-aced.png,img/AceS.png,"1,5mm",7mm,8mm,19mm, ,,,Ø20,img/hfm-aced.png,HASTE-20,,,,"22,5mm",,M6x1 X 16mm,imgTubo/ace80+.png,1L2A0074Y,,,,,,,,,,,,,,,,,,,,,,,,,,,,,,,,,,
ACE100SG,35mm,,,M12 X ,20mm F,,,M12 X ,20mm F,"M10x1,5 X 25mm",,,,20mm F,,img/hff-aced.png,img/AceS.png,"1,5mm",7mm,8mm,19mm, ,,,Ø20,img/hfm-aced.png,HASTE-20,,,,"29,5mm",,M6x1 X 16mm,imgTubo/ace80+.png,1L2A0075Y,,,,,,,,,,,,,,,,,,,,,,,,,,,,,,,,,,
ACE125SG,"47,5mm","42,5mm","84,5mm",M16 X ,25mm F,,,M16 X ,25mm F,"M12x1,75 X 29mm","M16x1,5 X 32mm F","M16x1,5 X 42mm M",,25mm F,,img/hff-aced.png,img/AceS.png,2mm,9mm,10mm,24mm,"Ø19,8  X  5mm",,,Ø25,img/hfm-aced.png,HASTE-25,,,,"41,5mm",,,imgTubo/ace80+.png,1L2A0076Y,,,,,,,,,,,,,,,,,,,,,,,,,,,,,,,,,,
,,,,,,,,,,,,,,,,,,,,,,,,,,,,,,,,,,,,,,,,,,,,,,,,,,,,,,,,,,,,,,,,,,,,,
ACE12SB,"35,5mm",,,,,,,"M5x0,8 X ",10mm,"M3x0,5 X 6mm",,,,,,img/aced-sb.png,img/AceB.png,"0,5mm",3mm,"3,5mm","5,7mm", Ø5  X  6mm,,,Ø6,img/hmm-aced.png,HASTE-06,,,,15mm,,"M6x0,5 X 12mm",imgTubo/ace.png,1L2A0066Y,,,,,,,,,,,,,,,,,,,,,,,,,,,,,,,,,,
ACE16SB,"38,5mm",,,,,,,"M6x1,00 X ",12mm,"M4x0,7 X 8mm",,,,,,img/aced-sb.png,img/AceB.png,"0,5mm","4,5mm",5mm,"7,7mm","Ø6  X  8,5mm",Ø5  X  2mm,"6,5mm",Ø8,img/hmm-aced.png,HASTE-08,,,,15mm,,"M6x0,5 X 12mm",imgTubo/ace.png,1L2A0067Y,,,,,,,,,,,,,,,,,,,,,,,,,,,,,,,,,,
ACE20SB,"44,5mm","35,5mm","52,5mm",M8 X ,16mm M,,,"M8x1,25 X ",16mm,"M5x0,8 X 12mm",M6x1 X 12mm F,M6x1 X 16mm M,,,,img/aced-sb.png,img/AceB.png,"0,5mm","4,5mm",5mm,"9,7mm",Ø8  X  8mm,"Ø7,5  X  2mm",6mm ,Ø10,img/hmm-aced.png,HASTE-10,,,,16mm,,"M8x0,75 X 16mm",imgTubo/ace.png,1L2A0068Y,,,,,,,,,,,,,,,,,,,,,,,,,,,,,,,,,,
ACE25SB,45mm,37mm,55mm,M8 X ,16mm M,,,"M8x1,25 X ",16mm,"M5x0,8 X 10mm",M6x1 X 12mm F,M6x1 X 18mm M,,,,img/aced-sb.png,img/AceB.png,"0,5mm","4,5mm",5mm,"9,7mm",Ø8  X  8mm,"Ø7,5  X  2mm",6mm ,Ø10,img/hmm-aced.png,HASTE-10,,,,17mm,,"M8x0,75 X 16mm",imgTubo/ace.png,1L2A0069Y,,,,,,,,,,,,,,,,,,,,,,,,,,,,,,,,,,
ACE32SBG,51mm,"42,5mm","63,5mm","M10x1,25 X ",19mm M,,,"M10x1,25 X ",19mm,M6x1 X 12mm,"M8x1,25 X 21mm F","M8x1,25 X 21mm M",,,,img/aced-sb.png,img/AceB.png,1mm,"4,5mm",5mm,"11,5mm",Ø10  X  9mm,Ø9 x 2mm,7mm,Ø12,img/hmm-aced.png,HASTE-12,,,,16mm,,M10x1 X 20mm,imgTubo/ace.png,1L2A0070Y,,,,,,,,,,,,,,,,,,,,,,,,,,,,,,,,,,
ACE40SBG,"48,5mm","43,5mm",72mm,"M10x1,25 X ",19mm M,,,"M10x1,25 X ",19mm,M6x1 X 12mm,M6x1 X 25mm F,M6x1 X 25mm M,,,,img/aced-sb.png,img/AceB.png,1mm,5mm,"5,5mm","11,5mm","Ø9,8  X  7mm","Ø7,60 x 2mm","1,5mm",Ø12,img/hmm-aced.png,HASTE-12,,,,17mm,,M10x1 X 20mm,imgTubo/ace.png,1L2A0071Y,,,,,,,,,,,,,,,,,,,,,,,,,,,,,,,,,,
ACE50SBG,"50,5mm","48,5mm","75,5mm","M12x1,25 X ",22mm M,,,"M12x1,25 X ",22mm,"M8x1,25 X 20mm","M12x1,25 X 16mm F","M12x1,25 X 27mm M",,,,img/aced-sb.png,img/AceB.png,"1,5mm",7mm,8mm,"15,5mm","Ø11,8  X  5mm","Ø9,25 x 2mm","1,5mm",Ø16,img/hmm-aced.png,HASTE-16,,,,17mm,,M12x1 X 24mm,imgTubo/ace.png,1L2A0072Y,,,,,,,,,,,,,,,,,,,,,,,,,,,,,,,,,,
ACE63SBG,"52,5mm","49,5mm",78mm,"M12x1,25 X ",22mm M,,,"M12x1,25 X ",22mm,"M8x1,25 X 20mm","M12x1,25 X 24mm F","M12x1,25 X 28.5mm M",,,,img/aced-sb.png,img/AceB.png,"1,5mm",7mm,8mm,"15,5mm","Ø11,8  X  5mm","Ø9,25 x 2mm","1,5mm",Ø16,img/hmm-aced.png,HASTE-16,,,,19mm,,M12x1 X 24mm,imgTubo/ace.png,1L2A0073Y,,,,,,,,,,,,,,,,,,,,,,,,,,,,,,,,,,
ACE80SBG,58mm,,,,,,,"M16x1,5 X ",28mm,"M10x1,5 X 20mm", , ,,,,img/aced-sb.png,img/AceB.png,"1,5mm",7mm,8mm,19mm, ,,,Ø20,img/hmm-aced.png,HASTE-20,,,,"22,5mm",,M6x1 X 16mm,imgTubo/ace80+.png,1L2A0074Y,,,,,,,,,,,,,,,,,,,,,,,,,,,,,,,,,,
ACE100SBG,63mm,63mm,93mm,M16x15 X ,28mm M,,,"M16x1,5 X ",28mm,"M10x1,5 X 20mm","M10x1,5 X26mm F","M10x1,5 X 30mm M",,,,img/aced-sb.png,img/AceB.png,"1,5mm",7mm,8mm,19mm, ,,,Ø20,img/hmm-aced.png,HASTE-20,,,,"29,5mm",,M6x1 X 16mm,imgTubo/ace80+.png,1L2A0075Y,,,,,,,,,,,,,,,,,,,,,,,,,,,,,,,,,,
ACE125SBG,"87,5mm","82,5mm","124,5mm","M20x1,5 X ",40mm M,,,"M20x1,5 X ",40mm,"M12x1,75 x 24mm","M16x1,5 X 32mm F","M16x1,5 X 42mm M",,,,img/aced-sb.png,img/AceB.png,2mm,9mm,10mm,24mm,"Ø19,8  X  5mm",,,Ø25,img/hmm-aced.png,HASTE-25,,,,"41,5mm",,,imgTubo/ace80+.png,1L2A0076Y,,,,,,,,,,,,,,,,,,,,,,,,,,,,,,,,,,
,,,,,,,,,,,,,,,,,,,,,,,,,,,,,,,,,,,,,,,,,,,,,,,,,,,,,,,,,,,,,,,,,,,,,
ASE12,"25,5mm",,,,,,,M3 X ,8mm F,"M3x0,5 X 17mm",,,,,,,img/AceS.png,"0,5mm",3mm,"3,5mm","5,7mm"," Ø5  X  7,5mm",,,Ø6,,HASTE-06,,,,15mm,,"M6x0,5 X 12mm",imgTubo/ace.png,1L2A0066Y,,,,,,,,,,,,,,,,,,,,,,,,,,,,,,,,,,
ASE16,"26,5mm",,,,,,,M4 X ,10mm F,"M4x0,7 X 20mm",,,,,,,img/AceS.png,"0,5mm","4,5mm",5mm,"7,7mm","Ø6  X  8,5mm",Ø5  X  2mm,"6,5mm",Ø8,,HASTE-08,,,,15mm,,"M6x0,5 X 12mm",imgTubo/ace.png,1L2A0067Y,,,,,,,,,,,,,,,,,,,,,,,,,,,,,,,,,,
ASE20,"28,5mm",,,,,,,M6 X ,14mm F,"M5x0,8 X 25mm",,,,,,,img/AceS.png,"0,5mm","4,5mm",5mm,"9,7mm",Ø8  X  8mm,"Ø7,5  X  2mm",6mm ,Ø10,,HASTE-10,,,,16mm,,"M8x0,75 X 16mm",imgTubo/ace.png,1L2A0068Y,,,,,,,,,,,,,,,,,,,,,,,,,,,,,,,,,,
ASE25,29mm,,,,,,,M6 X ,15mm F,"M5x0,8 X 15mm",,,,,,,img/AceS.png,"0,5mm","4,5mm",5mm,"9,7mm",Ø8  X  8mm,"Ø7,5  X  2mm",6mm ,Ø10,,HASTE-10,,,,17mm,,"M8x0,75 X 16mm",imgTubo/ace.png,1L2A0069Y,,,,,,,,,,,,,,,,,,,,,,,,,,,,,,,,,,
ASE32SG,32mm,,,,,,,M8 X ,16mm F,M6x1 X 17mm,,,,,,,img/AceS.png,1mm,"4,5mm",5mm,"11,5mm",Ø10  X  9mm,Ø9 x 2mm,7mm,Ø12,,HASTE-12,,,,16mm,,M10x1 X 20mm,imgTubo/ace.png,1L2A0070Y,,,,,,,,,,,,,,,,,,,,,,,,,,,,,,,,,,
ASE40SG,"29,5mm",,,,,,,M8 X ,16mm F,M6x1 X 17mm,,,,,,,img/AceS.png,1mm,5mm,"5,5mm","11,5mm","Ø9,8   X   7mm","Ø7,60 x 2mm","1,5mm",Ø12,,HASTE-12,,,,17mm,,M10x1 X 20mm,imgTubo/ace.png,1L2A0071Y,,,,,,,,,,,,,,,,,,,,,,,,,,,,,,,,,,
ASE50SG,"28,5mm",,,,,,,M10 X ,20mm F,"M8x1,25 X 21mm",,,,,,,img/AceS.png,"1,5mm",7mm,8mm,"15,5mm","Ø11,8  X   5mm","Ø9,25 x 2mm","1,5mm",Ø16,,HASTE-16,,,,17mm,,M12x1 X 24mm,imgTubo/ace.png,1L2A0072Y,,,,,,,,,,,,,,,,,,,,,,,,,,,,,,,,,,
ASE63SG,"30,5mm",,,,,,,M10 X ,20mm F,"M8x1,25 X 21mm",,,,,,,img/AceS.png,"1,5mm",7mm,8mm,"15,5mm","Ø11,8   X   5mm","Ø9,25 x 2mm","1,5mm",Ø16,,HASTE-16,,,,19mm,,M12x1 X 24mm,imgTubo/ace.png,1L2A0073Y,,,,,,,,,,,,,,,,,,,,,,,,,,,,,,,,,,
ASE80SG,30mm,,,,,,,M12 X ,20mm F,"M10x1,5 X 25mm",,,,,,,img/AceS.png,"1,5mm",7mm,8mm,19mm, ,,,Ø20,,HASTE-20,,,,"22,5mm",,M6x1 X 16mm,imgTubo/ace80+.png,1L2A0074Y,,,,,,,,,,,,,,,,,,,,,,,,,,,,,,,,,,
ASE100SG,35mm,,,,,,,M12 X ,20mm F,"M10x1,5 X 25mm",,,,,,,img/AceS.png,"1,5mm",7mm,8mm,19mm, ,,,Ø20,,HASTE-20,,,,"29,5mm",,M6x1 X 16mm,imgTubo/ace80+.png,1L2A0075Y,,,,,,,,,,,,,,,,,,,,,,,,,,,,,,,,,,
ASE125SG,"47,5mm",,,,,,,M16 X ,25mm F,"M12x1,75 X 29mm",,,,,,,img/AceS.png,2mm,9mm,10mm,24mm,"Ø19,8  X  5mm",,,Ø25,,HASTE-25,,,,"41,5mm",,,imgTubo/ace80+.png,1L2A0076Y,,,,,,,,,,,,,,,,,,,,,,,,,,,,,,,,,,
,,,,,,,,,,,,,,,,,,,,,,,,,,,,,,,,,,,,,,,,,,,,,,,,,,,,,,,,,,,,,,,,,,,,,
ASE12SB,"35,5mm",,,,,,,"M5x0,8 X ",10mm,"M3x0,5 X 6mm",,,,,,,img/AceB.png,"0,5mm",3mm,"3,5mm","5,7mm", Ø5  X  6mm,,,Ø6,,HASTE-06,,,,15mm,,"M6x0,5 X 12mm",imgTubo/ace.png,1L2A0066Y,,,,,,,,,,,,,,,,,,,,,,,,,,,,,,,,,,
ASE16SB,"38,5mm",,,,,,,"M6x1,00 X ",12mm,"M4x0,7 X 8mm",,,,,,,img/AceB.png,"0,5mm","4,5mm",5mm,"7,7mm","Ø6  X  4,5mm",,,Ø8,,HASTE-08,,,,15mm,,"M6x0,5 X 12mm",imgTubo/ace.png,1L2A0067Y,,,,,,,,,,,,,,,,,,,,,,,,,,,,,,,,,,
ASE20SB,"44,5mm",,,,,,,"M8x1,25 X ",16mm,"M5x0,8 X 12mm",,,,,,,img/AceB.png,"0,5mm","4,5mm",5mm,"9,7mm",Ø8  X  8mm,"Ø7,5  X  2mm",6mm ,Ø10,,HASTE-10,,,,16mm,,"M8x0,75 X 16mm",imgTubo/ace.png,1L2A0068Y,,,,,,,,,,,,,,,,,,,,,,,,,,,,,,,,,,
ASE25SB,45mm,,,,,,,"M8x1,25 X ",16mm,"M5x0,8 X 10mm",,,,,,,img/AceB.png,"0,5mm","4,5mm",5mm,"9,7mm",Ø8  X  8mm,"Ø7,5  X  2mm",6mm ,Ø10,,HASTE-10,,,,17mm,,"M8x0,75 X 16mm",imgTubo/ace.png,1L2A0069Y,,,,,,,,,,,,,,,,,,,,,,,,,,,,,,,,,,
ASE32SBG,51mm,,,,,,,"M10x1,25 X ",19mm,M6x1 X 12mm,,,,,,,img/AceB.png,1mm,"4,5mm",5mm,"11,5mm","Ø9,8  X  8mm",Ø8 x 2mm,"4,5mm",Ø12,,HASTE-12,,,,16mm,,M10x1 X 20mm,imgTubo/ace.png,1L2A0070Y,,,,,,,,,,,,,,,,,,,,,,,,,,,,,,,,,,
ASE40SBG,"48,5mm",,,,,,,"M10x1,25 X ",19mm,M6x1 X 12mm,,,,,,,img/AceB.png,1mm,5mm,"5,5mm","11,5mm","Ø9,8  X  7mm","Ø7,60 x 2mm","1,5mm",Ø12,,HASTE-12,,,,17mm,,M10x1 X 20mm,imgTubo/ace.png,1L2A0071Y,,,,,,,,,,,,,,,,,,,,,,,,,,,,,,,,,,
ASE50SBG,"50,5mm",,,,,,,"M12x1,25 X ",22mm,"M8x1,25 X 16mm",,,,,,,img/AceB.png,"1,5mm",7mm,8mm,"15,5mm","Ø11,8  X  5mm","Ø9,25 x 2mm","1,5mm",Ø16,,HASTE-16,,,,17mm,,M12x1 X 24mm,imgTubo/ace.png,1L2A0072Y,,,,,,,,,,,,,,,,,,,,,,,,,,,,,,,,,,
ASE63SBG,"52,5mm",,,,,,,"M12x1,25 X ",22mm,"M8x1,25 X 16mm",,,,,,,img/AceB.png,"1,5mm",7mm,8mm,"15,5mm","Ø11,8  X  5mm","Ø9,25 x 2mm","1,5mm",Ø16,,HASTE-16,,,,19mm,,M12x1 X 24mm,imgTubo/ace.png,1L2A0073Y,,,,,,,,,,,,,,,,,,,,,,,,,,,,,,,,,,
ASE80SBG,58mm,,,,,,,"M16x1,5 X ",28mm,"M10x1,5 X 20mm",,,,,,,img/AceB.png,"1,5mm",7mm,8mm,19mm, ,,,Ø20,,HASTE-20,,,,"22,5mm",,M6x1 X 16mm,imgTubo/ace80+.png,1L2A0074Y,,,,,,,,,,,,,,,,,,,,,,,,,,,,,,,,,,
ASE100SBG,63mm,,,,,,,"M16x1,5 X ",28mm,"M10x1,5 X 20mm",,,,,,,img/AceB.png,"1,5mm",7mm,8mm,19mm, ,,,Ø20,,HASTE-20,,,,"29,5mm",,M6x1 X 16mm,imgTubo/ace80+.png,1L2A0075Y,,,,,,,,,,,,,,,,,,,,,,,,,,,,,,,,,,
ASE125SBG,"87,5mm",,,,,,,"M20x1,5 X ",40mm,"M12x1,75 x 24mm",,,,,,,img/AceB.png,2mm,9mm,10mm,24mm,"Ø19,8  X  5mm",,,Ø25,,HASTE-25,,,,"41,5mm",,,imgTubo/ace80+.png,1L2A0076Y,,,,,,,,,,,,,,,,,,,,,,,,,,,,,,,,,,
,,,,,,,,,,,,,,,,,,,,,,,,,,,,,,,,,,,,,,,,,,,,,,,,,,,,,,,,,,,,,,,,,,,,,
ATE12S,"25,5mm",,,,,,,M3 X ,8mm F,"M3x0,5 X 17mm",,,,,,,img/AceS.png,"0,5mm",3mm,"3,5mm","5,7mm","Ø5  X  7,5mm",,,Ø6,,HASTE-06,,,,15mm,,"M6x0,5 X 12mm",imgTubo/ace.png,1L2A0066Y,,,,,,,,,,,,,,,,,,,,,,,,,,,,,,,,,,
ATE16S,"26,5mm",,,,,,,M4 X ,10mm F,"M4x0,7 X 20mm",,,,,,,img/AceS.png,"0,5mm","4,5mm",5mm,"7,7mm","Ø6  X  8,5mm",Ø5  X  2mm,"6,5mm",Ø8,,HASTE-08,,,,15mm,,"M6x0,5 X 12mm",imgTubo/ace.png,1L2A0067Y,,,,,,,,,,,,,,,,,,,,,,,,,,,,,,,,,,
ATE20S,"28,5mm",,,,,,,M6 X ,14mm F,"M5x0,8 X 25mm",,,,,,,img/AceS.png,"0,5mm","4,5mm",5mm,"9,7mm",Ø8  X  8mm,Ø7  X  2mm,6mm ,Ø10,,HASTE-10,,,,16mm,,"M8x0,75 X 16mm",imgTubo/ace.png,1L2A0068Y,,,,,,,,,,,,,,,,,,,,,,,,,,,,,,,,,,
ATE25S,29mm,,,,,,,M6 X ,15mm F,"M5x0,8 X 15mm",,,,,,,img/AceS.png,"0,5mm","4,5mm",5mm,"9,7mm",Ø8  X  8mm,Ø7  X  2mm,6mm ,Ø10,,HASTE-10,,,,17mm,,"M8x0,75 X 16mm",imgTubo/ace.png,1L2A0069Y,,,,,,,,,,,,,,,,,,,,,,,,,,,,,,,,,,
ATE32SG,32mm,,,,,,,M8 X ,16mm F,M6x1 X 17mm,,,,,,,img/AceS.png,1mm,"4,5mm",5mm,"11,5mm",Ø10  X  9mm,Ø9 x 2mm,7mm,Ø12,,HASTE-12,,,,16mm,,M10x1 X 20mm,imgTubo/ace.png,1L2A0070Y,,,,,,,,,,,,,,,,,,,,,,,,,,,,,,,,,,
ATE40SG,"29,5mm",,,,,,,M8 X ,16mm F,M6x1 X 17mm,,,,,,,img/AceS.png,1mm,5mm,"5,5mm","11,5mm","Ø9,8   X   7mm","Ø7,60 x 2mm","1,5mm",Ø12,,HASTE-12,,,,17mm,,M10x1 X 20mm,imgTubo/ace.png,1L2A0071Y,,,,,,,,,,,,,,,,,,,,,,,,,,,,,,,,,,
ATE50SG,"28,5mm",,,,,,,M10 X ,20mm F,"M8x1,25 X 21mm",,,,,,,img/AceS.png,"1,5mm",7mm,8mm,"15,5mm","Ø11,8  X   5mm","Ø9,25 x 2mm","1,5mm",Ø16,,HASTE-16,,,,17mm,,M12x1 X 24mm,imgTubo/ace.png,1L2A0072Y,,,,,,,,,,,,,,,,,,,,,,,,,,,,,,,,,,
ATE63SG,"30,5mm",,,,,,,M10 X ,20mm F,"M8x1,25 X 21mm",,,,,,,img/AceS.png,"1,5mm",7mm,8mm,"15,5mm","Ø11,8   X   5mm","Ø9,25 x 2mm","1,5mm",Ø16,,HASTE-16,,,,19mm,,M12x1 X 24mm,imgTubo/ace.png,1L2A0073Y,,,,,,,,,,,,,,,,,,,,,,,,,,,,,,,,,,
ATE80SG,30mm,,,,,,,M12 X ,20mm F,"M10x1,5 X 25mm",,,,,,,img/AceS.png,"1,5mm",7mm,8mm,19mm, ,,,Ø20,,HASTE-20,,,,"22,5mm",,M6x1 X 16mm,imgTubo/ace80+.png,1L2A0074Y,,,,,,,,,,,,,,,,,,,,,,,,,,,,,,,,,,
ATE100SG,35mm,,,,,,,M12 X ,20mm F,"M10x1,5 X 25mm",,,,,,,img/AceS.png,"1,5mm",7mm,8mm,19mm, ,,,Ø20,,HASTE-20,,,,"29,5mm",,M6x1 X 16mm,imgTubo/ace80+.png,1L2A0075Y,,,,,,,,,,,,,,,,,,,,,,,,,,,,,,,,,,
ATE125SG,"47,5mm",,,,,,,M16 X ,25mm F,"M12x1,75 X 29mm",,,,,,,img/AceS.png,2mm,9mm,10mm,24mm,"Ø19,8  X  5mm",,,Ø25,,HASTE-25,,,,"41,5mm",,,imgTubo/ace80+.png,1L2A0076Y,,,,,,,,,,,,,,,,,,,,,,,,,,,,,,,,,,
,,,,,,,,,,,,,,,,,,,,,,,,,,,,,,,,,,,,,,,,,,,,,,,,,,,,,,,,,,,,,,,,,,,,,
ATE12SB,"35,5mm",,,,,,,"M5x0,8 X ",10mm,"M3x0,5 X 6mm",,,,,,,img/AceB.png,"0,5mm",3mm,"3,5mm","5,7mm", Ø5  X  6mm,,,Ø6,,HASTE-06,,,,15mm,,"M6x0,5 X 12mm",imgTubo/ace.png,1L2A0066Y,,,,,,,,,,,,,,,,,,,,,,,,,,,,,,,,,,
ATE16SB,"38,5mm",,,,,,,"M6x1,00 X ",12mm,"M4x0,7 X 8mm",,,,,,,img/AceB.png,"0,5mm","4,5mm",5mm,"7,7mm","Ø6  X  8,5mm",Ø5  X  2mm,"6,5mm",Ø8,,HASTE-08,,,,15mm,,"M6x0,5 X 12mm",imgTubo/ace.png,1L2A0067Y,,,,,,,,,,,,,,,,,,,,,,,,,,,,,,,,,,
ATE20SB,"44,5mm",,,,,,,"M8x1,25 X ",16mm,"M5x0,8 X 12mm",,,,,,,img/AceB.png,"0,5mm","4,5mm",5mm,"9,7mm",Ø8  X  8mm,"Ø7,5  X  2mm",6mm ,Ø10,,HASTE-10,,,,16mm,,"M8x0,75 X 16mm",imgTubo/ace.png,1L2A0068Y,,,,,,,,,,,,,,,,,,,,,,,,,,,,,,,,,,
ATE25SB,45mm,,,,,,,"M8x1,25 X ",16mm,"M5x0,8 X 10mm",,,,,,,img/AceB.png,"0,5mm","4,5mm",5mm,"9,7mm",Ø8  X  8mm,"Ø7,5  X  2mm",6mm ,Ø10,,HASTE-10,,,,17mm,,"M8x0,75 X 16mm",imgTubo/ace.png,1L2A0069Y,,,,,,,,,,,,,,,,,,,,,,,,,,,,,,,,,,
ATE32SBG,51mm,,,,,,,"M10x1,25 X ",19mm,M6x1 X 12mm,,,,,,,img/AceB.png,1mm,"4,5mm",5mm,"11,5mm",Ø10  X  9mm,Ø9 x 2mm,7mm,Ø12,,HASTE-12,,,,16mm,,M10x1 X 20mm,imgTubo/ace.png,1L2A0070Y,,,,,,,,,,,,,,,,,,,,,,,,,,,,,,,,,,
ATE40SBG,"48,5mm",,,,,,,"M10x1,25 X ",19mm,M6x1 X 12mm,,,,,,,img/AceB.png,1mm,5mm,"5,5mm","11,5mm","Ø9,8  X  7mm","Ø7,60 x 2mm","1,5mm",Ø12,,HASTE-12,,,,17mm,,M10x1 X 20mm,imgTubo/ace.png,1L2A0071Y,,,,,,,,,,,,,,,,,,,,,,,,,,,,,,,,,,
ATE50SBG,"50,5mm",,,,,,,"M12x1,25 X ",22mm,"M8x1,25 X 16mm",,,,,,,img/AceB.png,"1,5mm",7mm,8mm,"15,5mm","Ø11,8  X  5mm","Ø9,25 x 2mm","1,5mm",Ø16,,HASTE-16,,,,17mm,,M12x1 X 24mm,imgTubo/ace.png,1L2A0072Y,,,,,,,,,,,,,,,,,,,,,,,,,,,,,,,,,,
ATE63SBG,"52,5mm",,,,,,,"M12x1,25 X ",22mm,"M8x1,25 X 16mm",,,,,,,img/AceB.png,"1,5mm",7mm,8mm,"15,5mm","Ø11,8  X  5mm","Ø9,25 x 2mm","1,5mm",Ø16,,HASTE-16,,,,19mm,,M12x1 X 24mm,imgTubo/ace.png,1L2A0073Y,,,,,,,,,,,,,,,,,,,,,,,,,,,,,,,,,,
ATE80SBG,58mm,,,,,,,"M16x1,5 X ",28mm,"M10x1,5 X 20mm",,,,,,,img/AceB.png,"1,5mm",7mm,8mm,19mm, ,,,Ø20,,HASTE-20,,,,"22,5mm",,M6x1 X 16mm,imgTubo/ace80+.png,1L2A0074Y,,,,,,,,,,,,,,,,,,,,,,,,,,,,,,,,,,
ATE100SBG,63mm,,,,,,,"M16x1,5 X ",28mm,"M10x1,5 X 20mm",,,,,,,img/AceB.png,"1,5mm",7mm,8mm,19mm, ,,,Ø20,,HASTE-20,,,,"29,5mm",,M6x1 X 16mm,imgTubo/ace80+.png,1L2A0075Y,,,,,,,,,,,,,,,,,,,,,,,,,,,,,,,,,,
ATE125SBG,"87,5mm",,,,,,,"M20x1,5 X ",40mm,"M12x1,75 x 24mm",,,,,,,img/AceB.png,2mm,9mm,10mm,24mm,"Ø19,8  X  5mm",,,Ø25,,HASTE-25,,,,"41,5mm",,,imgTubo/ace80+.png,1L2A0076Y,,,,,,,,,,,,,,,,,,,,,,,,,,,,,,,,,,
,,,,,,,,,,,,,,,,,,,,,,,,,,,,,,,,,,,,,,,,,,,,,,,,,,,,,,,,,,,,,,,,,,,,,
BSAI32SG,133mm,,,,,8mm,"11,5mm","M10x1,25 X ",22mm,"M8x1,25 X 16mm",,,,,,,img/sai2026-1.png,1mm,7mm,8mm,"11,5mm",,,,Ø12,,HASTE-12,,,,39mm,,M6x1 X 22mm,imgTubo/sai.png,1L2A0088Y,,,,,,,,,,,,,,,,,,,,,,,,,,,,,,,,"9,5mm",3mm,"1,5mm"
BSAI40SG,"145,5mm",,,,,8mm,15mm,"M12x1,25 X ",24mm,"M10x1,5 X 20mm",,,,,,,img/sai2026-1.png,"1,5mm",7mm,8mm,15mm,,,,Ø16,,HASTE-16,,,,41mm,,M6x1 X 22mm,imgTubo/sai.png,1L2A0089Y,,,,,,,,,,,,,,,,,,,,,,,,,,,,,,,,"13,5mm",3mm,"1,5mm"
BSAI50SG,170mm,,,,,8mm,19mm,"M16x1,5 X ",32mm,"M12x1,75 X 24mm",,,,,,,img/sai2026-1.png,"1,5mm",7mm,8mm,19mm,,,,Ø20,,HASTE-20,,,,44mm,,"M8x1,25 X 24mm",imgTubo/sai.png,1L2A0087Y,,,,,,,,,,,,,,,,,,,,,,,,,,,,,,,,"17,5mm",3mm,"1,5mm"
BSAI63SG,172mm,,,,,8mm,19mm,"M16x1,5 X ",32mm,"M12x1,75 X 24mm",,,,,,,img/sai2026-1.png,"1,5mm",7mm,8mm,19mm,,,,Ø20,,HASTE-20,,,,55mm,,"M8x1,25 X 24mm",imgTubo/sai.png,1L2A0085Y,,,,,,,,,,,,,,,,,,,,,,,,,,,,,,,,"17,5mm",3mm,"1,5mm"
BSAI80SG,228mm,,,,,8mm,24mm,"M20x1,5 X ",40mm,"M14x2,00 X 28mm",,,,,,,img/sai2026-1.png,"1,5mm",7mm,8mm,24mm,,,,Ø25,,HASTE-25,,,,62mm,,"M10x1,5 X 26mm",imgTubo/sai.png,1L2A0090Y,,,,,,,,,,,,,,,,,,,,,,,,,,,,,,,,"22,5mm",3mm,"1,5mm"
BSAI100SG,237mm,,,,,8mm,24mm,"M20x1,5 X ",40mm,"M14x2,00 X 28mm",,,,,,,img/sai2026-1.png,"1,5mm",7mm,8mm,24mm,,,,Ø25,,HASTE-25,,,,64mm,,"M10x1,5 X 26mm",imgTubo/sai.png,1L2A0091Y,,,,,,,,,,,,,,,,,,,,,,,,,,,,,,,,"22,5mm",3mm,"1,5mm"
BSAI125SG,"293,5mm",,,,,13mm,31mm,M27x2 ,54mm,"M14x2,00 X 28mm",,,,,,,img/sai2026-1.png,2mm,12mm,13mm,31mm,,,,Ø32,,HASTE-32,,,,68mm,,"M12x1,75 X 30mm",imgTubo/sai.png,1L2A0098Y,,,,,,,,,,,,,,,,,,,,,,,,,,,,,,,,"29,5mm",3mm,"1,5mm"
,,,,,,,,,,,,,,,,,,,,,,,,,,,,,,,,,,,,,,,,,,,,,,,,,,,,,,,,,,,,,,,,,,,,,
CCB12-F,21mm,,,,,,,"M3x0,5 X ",6mm F,"M4x0,7",,,,, ,,img/ccb-femea.png,"0,5mm",3mm,"3,5mm","5,7mm",,,,Ø6,,HASTE-06,,"M3x0,5 X 6mm (FÊMEA)","M4x0,7","20,5mm",,"M4x0,7 X 10mm",imgTubo/ccmb-ccb.png,CCMBTUBO-12,,,,,,,,,,,,imgCcmb/rebaixoD.png,imgCcmb/rebaixoT.png,imgCcmb/furacao.png,imgCcmb/alimentacao.png,4mm,14mm,"1,2mm",15mm,"1,3mm",7mm,14mm,"1,2mm",15mm,"1,3mm","M5 X 0,8mm","3,5mm",6mm,"3,5mm",,,,,
CCB16-F,19mm,,,,,,,"M4x0,7 X ",8mm F,"M5x0,8 X 6mm",,,,, ,,img/ccmb-ccb16-f.png,"0,5mm",3mm,"3,5mm","7,7mm",,,,Ø8,,HASTE-08,"-1,5mm ATRÁS","M4x0,7 X 8mm (FÊMEA)","M5x0,8 X 5mm","22,5mm",,"M4x0,7 X 10mm",imgTubo/ccmb-ccb.png,CCMBTUBO-16,,,,,,,,,,,,imgCcmb/rebaixoD.png,imgCcmb/rebaixoT.png,imgCcmb/furacao.png,imgCcmb/alimentacao.png,"6,8mm",18mm,"1,2mm",19mm,"1,3mm","6,8mm",18mm,"1,2mm",19mm,"1,3mm","M5 X 0,8mm","3,5mm",6mm,"3,5mm","Ø5,5",11mm,,,
CCB20-F,21mm,,,,,,,"M5x0,8 X ",7mm F,"M6X1 X 7,5mm",,,,,,,img/ccb-femea.png,1mm,4mm,"4,5mm","9,7mm",,,,Ø10,,HASTE-10,-2mm FRENTE,"M5x0,8 X 7mm (FÊMEA)","M6X1 X 5,5mm","22,5mm",,M6x1 X 15mm,imgTubo/ccmb-ccb.png,CCMBTUBO-20,,,,,,,,,,,,imgCcmb/rebaixoD.png,imgCcmb/rebaixoT.png,imgCcmb/furacao.png,imgCcmb/alimentacao.png,"4,5mm",22mm,"1,2mm","23,5mm","1,3mm",7mm,22mm,"1,2mm","23,5mm","1,3mm","M5 X 0,8mm",5mm,9mm,7mm,,,,,
CCB25-F,23mm,,,,,,,M6x1 X ,12mm F,"M8x1,25 X 7mm",,,,,,,img/ccb-femea.png,1mm,4mm,"4,5mm","11,5mm",,,,Ø12,,HASTE-12,"-1,5mm FRENTE",M6x1 X 12mm (FÊMEA),"M8x1,25 X 5mm",24mm,,M6x1 X 15mm,imgTubo/ccmb-ccb.png,CCMBTUBO-25,,,,,,,,,,,,imgCcmb/rebaixoD.png,imgCcmb/rebaixoT.png,imgCcmb/furacao.png,imgCcmb/alimentacao.png,"4,5mm",26mm,"1,2mm",29mm,"1,3mm",7mm,26mm,"1,2mm",29mm,"1,3mm","M5 X 0,8mm","3,5mm",9mm,7mm,,,,,
CCB40-F,29mm,,,,,,,"M8x1,25 X ",13mm F,"M12x1,25 X 9mm",,,,,,,img/ccb-femea.png,1mm,"4,5mm","5,5mm","15,5mm",,,,Ø16,,HASTE-16,-1mm FRENTE  & -6mm  ATRÁS,"M8x1,25 X 13mm (FÊMEA)","M12x1,25 X 7mm",27mm,,M6x1 X 15mm,imgTubo/ccmb-ccb.png,CCMBTUBO-40,,,,,,,,,,,,imgCcmb/rebaixoD.png,imgCcmb/rebaixoT.png,imgCcmb/furacao.png,imgCcmb/alimentacao.png,7mm,42mm,"1,7mm","44,5mm","2,8mm","7,5mm",42mm,"1,7mm","44,5mm","1,3mm",BSP 1/8,9mm,9mm,7mm,,,,,
CCB50-F,31mm,,,,,,,"M10x1,5 X ",15mm F,"M12x1,25 X 10mm",,,,,,,img/ccb-femea.png,"1,5mm","4,5mm","5,5mm",19mm,,,,Ø20,,HASTE-20,"5,5mm FRENTE","M10x1,5 X 15mm (FÊMEA)","M12x1,25 X 8mm",32mm,,"M8x1,25 X 20mm",imgTubo/ccmb-ccb.png,CCMBTUBO-50,,,,,,,,,,,,imgCcmb/rebaixoD.png,imgCcmb/rebaixoT.png,imgCcmb/furacao.png,imgCcmb/alimentacao.png,"7,6mm",52mm,"2,2mm",56mm,"3,3mm","9,5mm",52mm,"2,2mm",56mm,"2,8mm",BSP 1/4,11mm,11mm,8mm,,,,,
CCB63-F,41mm,,,,,,,"M10x1,5 X ",15mm F,"M16X1,5 X 10mm",,,,,,,img/ccb-femea.png,"1,5mm","4,5mm","5,5mm",19mm,,,,Ø20,,HASTE-20,-7mm ATRÁS,"M10x1,5 X 15mm (FÊMEA)","M16X1,5 X 8mm","36,5mm",,"M10x1,5 X 20mm",imgTubo/ccmb-ccb.png,CCMBTUBO-63,,,,,,,,,,,,imgCcmb/rebaixoD.png,imgCcmb/rebaixoT.png,imgCcmb/furacao.png,imgCcmb/alimentacao.png,"8,8mm",65mm,"2,7mm",68mm,"4,1mm","10,5mm",65mm,"2,7mm",68mm,"2,8mm",BSP 1/4,11mm,14mm,"10,5mm",,,,,
CCB80-F,42mm,,,,,,,M16x2 X ,21mm F,"M20x1,5 X 10mm",,,,,,,img/ccb-femea.png,"1,5mm",7mm,8mm,24mm,,,,Ø25,,HASTE-25,-8mm ATRÁS ,M16x2 X 21mm (FÊMEA),"M20x1,5 X8mm","42,5mm",,"M12x1,75 X 25mm",imgTubo/ccmb-ccb.png,CCMBTUBO-80,,,,,,,,,,,,imgCcmb/rebaixoD.png,imgCcmb/rebaixoT.png,imgCcmb/furacao.png,imgCcmb/alimentacao.png,"10,3mm",82mm,"2,7mm","85,5mm","5,1mm","11,8mm",82mm,"2,7mm","85,5mm","2,8mm",BSP 3/8,11mm,18mm,"13,5mm",,,,,
CCB100-F,41mm,,,,,,,"M20x2,5 X ",21mm F,"M12x1,75 X 15mm F",,,,,,,img/ccb100.png,"1,5mm",7mm,8mm,29mm,,,,Ø30,,HASTE-30,-10 ATRÁS ,"M20x2,5 X 21mm (FÊMEA)","M20x1,5 X 6mm","53,5mm",,"M12x1,75 X 25mm",imgTubo/ccmb-ccb.png,CCMBTUBO-100,,,,,,,,,,,,imgCcmb/rebaixoD.png,imgCcmb/rebaixoT.png,imgCcmb/furacao.png,imgCcmb/alimentacao.png,"13,7mm",102mm,"2,7mm",106mm,"8,5mm","14,45mm",102mm,"2,7mm",106mm,"4,8mm",BSP 3/8,11mm,18mm,"13,5mm",,,,,
,,,,,,,,,,,,,,,,,,,,,,,,,,,,,,,,,,,,,,,,,,,,,,,,,,,,,,,,,,,,,,,,,,,,,
CCB12-M,"31,5mm",,,,,,,"M5x0,8 X ","10,5mm","M4x0,7",,,,, ,,img/ccb-macho.png,"0,5mm",3mm,"3,5mm","5,7mm",,,,Ø6,,HASTE-06,,"M5x0,8 X 10,5mm","M4x0,7","20,5mm",,"M4x0,7 X 10mm",imgTubo/ccmb-ccb.png,CCMBTUBO-12,,,,,,,,,,,,imgCcmb/rebaixoD.png,imgCcmb/rebaixoT.png,imgCcmb/furacao.png,imgCcmb/alimentacao.png,4mm,14mm,"1,2mm",15mm,"1,3mm",7mm,14mm,"1,2mm",15mm,"1,3mm","M5 X 0,8mm","3,5mm",6mm,"3,5mm",,,,,
CCB16-M,36mm,,,,,,,M6x1 X ,12mm,"M5x0,8 X 6mm",,,,,,,img/ccmb-ccb16.png,1mm,3mm,"3,5mm","7,7mm",,,,Ø8,,HASTE-08,"-1,5mm ATRÁS","M6x1,00 X 12mm","M5x0,8 X 5mm","22,5mm",,"M4x0,7 X 10mm",imgTubo/ccmb-ccb.png,CCMBTUBO-16,,,,,,,,,,,,imgCcmb/rebaixoD.png,imgCcmb/rebaixoT.png,imgCcmb/furacao.png,imgCcmb/alimentacao.png,"6,8mm",18mm,"1,2mm",19mm,"1,3mm","6,8mm",18mm,"1,2mm",19mm,"1,3mm","M5 X 0,8mm","3,5mm",6mm,"3,5mm","Ø5,5",11mm,,,
CCB20-M,35mm,,,,,,,"M8x1,25 X ",14mm,"M6X1 X 7,5mm",,,,,,,img/ccb-macho.png,1mm,4mm,"4,5mm","9,7mm",,,,Ø10,,HASTE-10,-2mm FRENTE,"M8x1,25 X 14mm","M6X1 X 5,5mm","22,5mm",,M6x1 X 15mm,imgTubo/ccmb-ccb.png,CCMBTUBO-20,,,,,,,,,,,,imgCcmb/rebaixoD.png,imgCcmb/rebaixoT.png,imgCcmb/furacao.png,imgCcmb/alimentacao.png,"4,5mm",22mm,"1,2mm","23,5mm","1,3mm",7mm,22mm,"1,2mm","23,5mm","1,3mm","M5 X 0,8mm",5mm,9mm,7mm,,,,,
CCB25-M,"40,5mm",,,,,,,"M10x1,25 X ","17,5mm","M8x1,25 X 7mm",,,,,,,img/ccb-macho.png,1mm,4mm,"4,5mm","11,5mm",,,,Ø12,,HASTE-12,"-1,5mm FRENTE","M10x1,25 X 17,5mm","M8x1,25 X 5mm",24mm,,M6x1 X 15mm,imgTubo/ccmb-ccb.png,CCMBTUBO-25,,,,,,,,,,,,imgCcmb/rebaixoD.png,imgCcmb/rebaixoT.png,imgCcmb/furacao.png,imgCcmb/alimentacao.png,"4,5mm",26mm,"1,2mm",29mm,"1,3mm",7mm,26mm,"1,2mm",29mm,"1,3mm","M5 X 0,8mm","3,5mm",9mm,7mm,,,,,
CCB40-M,"52,5mm",,,,,,,"M14x1,5 X ","23,5mm","M12x1,25 X 9mm",,,,,,,img/ccb-macho.png,1mm,"4,5mm","5,5mm","15,5mm",,,,Ø16,,HASTE-16,-1mm FRENTE  & -6mm  ATRÁS,"M14x1,5 X 23,5mm","M12x1,25 X 7mm",27mm,,M6x1 X 15mm,imgTubo/ccmb-ccb.png,CCMBTUBO-40,,,,,,,,,,,,imgCcmb/rebaixoD.png,imgCcmb/rebaixoT.png,imgCcmb/furacao.png,imgCcmb/alimentacao.png,7mm,42mm,"1,7mm","44,5mm","2,8mm","7,5mm",42mm,"1,7mm","44,5mm","1,3mm",BSP 1/8,9mm,9mm,7mm,,,,,
CCB50-M,59mm,,,,,,,"M18x1,5 X ","28,5mm","M12x1,25 X 10mm",,,,,,,img/ccb-macho.png,"1,5mm","4,5mm","5,5mm",19mm,,,,Ø20,,HASTE-20,"5,5mm FRENTE","M18x1,5 X 28,5mm","M12x1,25 X 8mm",32mm,,"M8x1,25 X 20mm",imgTubo/ccmb-ccb.png,CCMBTUBO-50,,,,,,,,,,,,imgCcmb/rebaixoD.png,imgCcmb/rebaixoT.png,imgCcmb/furacao.png,imgCcmb/alimentacao.png,"7,6mm",52mm,"2,2mm",56mm,"3,3mm","9,5mm",52mm,"2,2mm",56mm,"2,8mm",BSP 1/4,11mm,11mm,8mm,,,,,
CCB63-M,"69,5mm",,,,,,,"M18x1,5 X ","28,5mm","M16X1,5 X 10mm",,,,,,,img/ccb-macho.png,"1,5mm","4,5mm","5,5mm",19mm,,,,Ø20,,HASTE-20,-7mm ATRÁS,"M18x1,5 X 28,5mm","M16X1,5 X 8mm","36,5mm",,"M10x1,5 X 20mm",imgTubo/ccmb-ccb.png,CCMBTUBO-63,,,,,,,,,,,,imgCcmb/rebaixoD.png,imgCcmb/rebaixoT.png,imgCcmb/furacao.png,imgCcmb/alimentacao.png,"8,8mm",65mm,"2,7mm",68mm,"4,1mm","10,5mm",65mm,"2,7mm",68mm,"2,8mm",BSP 1/4,11mm,14mm,"10,5mm",,,,,
CCB80-M,"77,5mm",,,,,,,"M22x1,5 X ","35,5mm","M20x1,5 X 10mm",,,,,,,img/ccb-macho.png,"1,5mm",7mm,8mm,24mm,,,,Ø25,,HASTE-25,-8mm ATRÁS ,"M22x1,5 X 35,5mm","M20x1,5 X 8mm","42,5mm",,"M12x1,75 X 25mm",imgTubo/ccmb-ccb.png,CCMBTUBO-80,,,,,,,,,,,,imgCcmb/rebaixoD.png,imgCcmb/rebaixoT.png,imgCcmb/furacao.png,imgCcmb/alimentacao.png,"10,3mm",82mm,"2,7mm","85,5mm","5,1mm","11,8mm",82mm,"2,7mm","85,5mm","2,8mm",BSP 3/8,11mm,18mm,"13,5mm",,,,,
CCB100-M,"76,5mm",,,,,,,"M26x1,5 X ","35,5mm","M12x1,75 X 15mm F",,,,,,,img/csm20-25.png,"1,5mm",7mm,8mm,29mm,,,,Ø30,,HASTE-30,-10 ATRÁS ,"M26x1,5 X 35,5mm","M20x1,5 X 6mm","53,5mm",,"M12x1,75 X 25mm",imgTubo/ccmb-ccb.png,CCMBTUBO-100,,,,,,,,,,,,imgCcmb/rebaixoD.png,imgCcmb/rebaixoT.png,imgCcmb/furacao.png,imgCcmb/alimentacao.png,"13,7mm",102mm,"2,7mm",106mm,"8,5mm","14,45mm",102mm,"2,7mm",106mm,"4,8mm",BSP 3/8,11mm,18mm,"13,5mm",,,,,
,,,,,,,,,,,,,,,,,,,,,,,,,,,,,,,,,,,,,,,,,,,,,,,,,,,,,,,,,,,,,,,,,,,,,
CCB16L-M,36mm,,,,,,,M6x1 X ,12mm,"M5x0,8 X 6mm",,,,,,,img/ccmb-ccb16.png,1mm,3mm,"3,5mm","7,7mm",,,,Ø8,,HASTE-08,"-1,5mm ATRÁS","M6x1,00 X 12mm","M5x0,8 X 5mm","22,5mm",,"M4x0,7 X 10mm",imgTubo/CCMBL.png,CCMBTUBO-16,,,,,,,,,,,,imgCcmb/rebaixoDianteiraL.png,imgCcmb/rebaixoTraseiraL.png,imgCcmb/furacaoL.png,imgCcmb/alimentacaoL.png,"6,8mm",18mm,"1,2mm",19mm,"1,3mm","6,8mm",18mm,"1,2mm",19mm,"1,3mm","M5 X 0,8mm","3,5mm",6mm,"3,5mm","Ø5,5",11mm,,,
,,,,,,,,,,,,,,,,,,,,,,,,,,,,,,,,,,,,,,,,,,,,,,,,,,,,,,,,,,,,,,,,,,,,,
CCMB12-F,"18,5mm",,,,,,,"M3x0,5 X ",6mm F,"M4x0,7 X 11,5mm",,,,,,,img/ccmb-femea.png,"0,5mm",3mm,"3,5mm","5,7mm",,,,Ø6,,HASTE-06,,,,28mm,,"M4x0,7 X 10mm",imgTubo/ccmb-ccb.png,CCMBTUBO-12,,,,,,,,,,,,imgCcmb/rebaixoD.png,imgCcmb/rebaixoT.png,imgCcmb/furacao.png,imgCcmb/alimentacao.png,4mm,14mm,"1,2mm",15mm,"1,3mm",7mm,14mm,"1,2mm",15mm,"1,3mm","M5 X 0,8mm","3,5mm",6mm,"3,5mm",,,,,
CCMB16-F,22mm,,,,,,,M6x1 X ,12mm F,"M5x0,8 X 10mm",,,,,,,img/ccmb-ccb16-f.png,"0,5m",3mm,"3,5mm","7,7mm",,,,Ø8,,HASTE-08,,,,"30,5mm",,"M4x0,7 X 10mm",imgTubo/ccmb-ccb.png,CCMBTUBO-16,,,,,,,,,,,,imgCcmb/rebaixoD.png,imgCcmb/rebaixoT.png,imgCcmb/furacao.png,imgCcmb/alimentacao.png,"6,8mm",18mm,"1,2mm",19mm,"1,3mm","6,8mm",18mm,"1,2mm",19mm,"1,3mm","M5 X 0,8mm","3,5mm",6mm,"3,5mm","Ø5,5",11mm,,,
CCMB20-F,23mm,,,,,,,"M5x0,8 X ",10mm F,M6x1 X 12mm,,,,,,,img/ccmb-femea.png,1mm,4mm,"4,5mm","9,7mm",,,,Ø10,,HASTE-10,,,,"31,5mm",,M6x1 X 15mm,imgTubo/ccmb-ccb.png,CCMBTUBO-20,,,,,,,,,,,,imgCcmb/rebaixoD.png,imgCcmb/rebaixoT.png,imgCcmb/furacao.png,imgCcmb/alimentacao.png,"4,5mm",22mm,"1,2mm","23,5mm","1,3mm",7mm,22mm,"1,2mm","23,5mm","1,3mm","M5 X 0,8mm",5mm,9mm,7mm,,,,,
CCMB25-F,25mm,"35,5mm","19,5mm",M6 X ,12mm,,,M6x1 X ,12mm,"M8x1,25 X 11,5mm","M8x1,25 X 16mm","M8x1,25 X 12mm",,,,,img/ccmb-femea.png,1mm,4mm,"4,5mm","11,5mm",,,,Ø12,img/cdvufemeapassante.png,HASTE-12,,,,"32,5mm",39mm,M6x1 X 15mm,imgTubo/ccmb-ccb.png,CCMBTUBO-25,,,,,,,,,,,,imgCcmb/rebaixoD.png,imgCcmb/rebaixoT.png,imgCcmb/furacao.png,imgCcmb/alimentacao.png,"4,5mm",26mm,"1,2mm",29mm,"1,3mm",7mm,26mm,"1,2mm",29mm,"1,3mm","M5 X 0,8mm","3,5mm",9mm,7mm,,,,,
CCMB40-F,"37,5mm",,,,,,,"M8x1,25 X ",16mm F,"M12x1,25 X 14mm",,,,,,,img/ccmb-femea.png,1mm,"4,5mm","5,5mm","15,5mm",,,,Ø16,,HASTE-16,,,,"39,5mm",,M6x1 X 15mm,imgTubo/ccmb-ccb.png,CCMBTUBO-40,,,,,,,,,,,,imgCcmb/rebaixoD.png,imgCcmb/rebaixoT.png,imgCcmb/furacao.png,imgCcmb/alimentacao.png,"8,9mm",42mm,"1,7mm","44,5mm","2,2mm","8,9mm",42mm,"1,7mm","44,5mm","2,2mm",BSP 1/8,9mm,9mm,7mm,,,,,
CCMB50-F,"33,5mm",,,,,,,"M10x1,5 X ",20mm F,"M12x1,25 X 13,5mm",,,,,,,img/ccmb-femea.png,"1,5mm","4,5mm","5,5mm",19mm,,,,Ø20,,HASTE-20,,,,40mm,,"M8x1,25 X 20mm",imgTubo/ccmb-ccb.png,CCMBTUBO-50,,,,,,,,,,,,imgCcmb/rebaixoD.png,imgCcmb/rebaixoT.png,imgCcmb/furacao.png,imgCcmb/alimentacao.png,"7,6mm",52mm,"2,2mm",56mm,"3,3mm","9,5mm",52mm,"2,2mm",56mm,"2,8mm",BSP 1/4,11mm,11mm,8mm,,,,,
CCMB63-F,43mm,,,,,,,"M10x1,5 X ","18,5mm F","M16x1,5 X 16mm",,,,,,,img/ccmb-femea.png,"1,5mm","4,5mm","5,5mm",19mm,,,,Ø20,,HASTE-20,,,,"45,5mm",,"M10x1,5 X 20mm",imgTubo/ccmb-ccb.png,CCMBTUBO-63,,,,,,,,,,,,imgCcmb/rebaixoD.png,imgCcmb/rebaixoT.png,imgCcmb/furacao.png,imgCcmb/alimentacao.png,"8,8mm",65mm,"2,7mm",68mm,"4,1mm","10,5mm",65mm,"2,7mm",68mm,"2,8mm",BSP 1/4,11mm,14mm,"10,5mm",,,,,
CCMB80-F,45mm,,,,,,,M16x2 X ,32mm F,"M20x1,5 X 16mm",,,,,,,img/ccmb-femea.png,"1,5mm",7mm,8mm,24mm,,,,Ø25,,HASTE-25,,,,"52,5mm",,"M12x1,75 X 25mm",imgTubo/ccmb-ccb.png,CCMBTUBO-80,,,,,,,,,,,,imgCcmb/rebaixoD.png,imgCcmb/rebaixoT.png,imgCcmb/furacao.png,imgCcmb/alimentacao.png,"10,3mm",82mm,"2,7mm","85,5mm","5,1mm","11,8mm",82mm,"2,7mm","85,5mm","2,8mm",BSP 3/8,11mm,18mm,"13,5mm",,,,,
CCMB100-F,55mm,,,,,,,"M20x2,5 X ",40mm F,"M20x1,5 X 19mm",,,,,,,img/ccmb-femea.png,"1,5mm",7mm,8mm,29mm,,,,Ø30,,HASTE-30,,,,"63,5mm",,"M12x1,75 X 25mm",imgTubo/ccmb-ccb.png,CCMBTUBO-100,,,,,,,,,,,,imgCcmb/rebaixoD.png,imgCcmb/rebaixoT.png,imgCcmb/furacao.png,imgCcmb/alimentacao.png,"13,7mm",102mm,"2,7mm",106mm,"8,5mm","14,45mm",102mm,"2,7mm",106mm,"4,8mm",BSP 3/8,11mm,18mm,"13,5mm",,,,,
,,,,,,,,,,,,,,,,,,,,,,,,,,,,,,,,,,,,,,,,,,,,,,,,,,,,,,,,,,,,,,,,,,,,,
CCMB16L-F,"26,5mm",,,,,,,"M4x0,7 X ",8mm F,"M5x0,8 X 10mm",,,,,,,img/ccmb-ccb16-f.png,"0,5mm",3mm,,,,,,Ø8,,HASTE-08,,,,"30,5mm",,"M4x0,7 X 10mm",imgTubo/CCMBL.png,CCMBLTUBO-16,,,,,,,,,,,,imgCcmb/rebaixoDianteiraL.png,imgCcmb/rebaixoTraseiraL.png,imgCcmb/furacaoL.png,imgCcmb/alimentacaoL.png,"6,8mm",18mm,"1,2mm",19mm,"1,3mm","6,8mm",18mm,"1,2mm",19mm,"1,3mm","M5 X 0,8mm","3,5mm",6mm,"3,5mm","Ø5,5",11mm,,,
CCMB20L-F,23mm,,,,,,,"M5x0,8 X ",10mm F,M6x1 X 12mm,,,,,,,img/ccmb-femea.png,1mm,4mm,,,,,,Ø10,,HASTE-10,,,,31mm,,M6x1 X 15mm,imgTubo/CCMBL.png,CCMBLTUBO-20,,,,,,,,,,,,imgCcmb/rebaixoDianteiraL.png,imgCcmb/rebaixoTraseiraL.png,imgCcmb/furacaoL.png,imgCcmb/alimentacaoL.png,"4,5mm",22mm,"1,2mm","23,5mm","1,3mm",7mm,22mm,"1,2mm","23,5mm","1,3mm","M5 X 0,8mm",5mm,9mm,7mm,,,,,
CCMB25L-F,25mm,,,,,,,M6x1 X ,12mm F,"M8x1,25 X 11,5mm",,,,,,,img/ccmb-femea.png,1mm,4mm,,,,,,Ø12,,HASTE-12,,,,31mm,,M6x1 X 15mm,imgTubo/CCMBL.png,CCMBLTUBO-25,,,,,,,,,,,,imgCcmb/rebaixoDianteiraL.png,imgCcmb/rebaixoTraseiraL.png,imgCcmb/furacaoL.png,imgCcmb/alimentacaoL.png,"4,5mm",26mm,"1,2mm",29mm,"1,3mm",7mm,26mm,"1,2mm",29mm,"1,3mm","M5 X 0,8mm","3,5mm",9mm,7mm,,,,,
,,,,,,,,,,,,,,,,,,,,,,,,,,,,,,,,,,,,,,,,,,,,,,,,,,,,,,,,,,,,,,,,,,,,,
CCMB12-M,35mm,,,,,,,"M5x0,8 X ","10,5mm","M4x0,7 X 11,5mm",,,,,,,img/ccmb-macho.png,"0,5mm",3mm,"3,5mm","5,7mm",,,,Ø6,,HASTE-06,,,,28mm,,"M4x0,7 X 10mm",imgTubo/ccmb-ccb.png,CCMBTUBO-12,,,,,,,,,,,,imgCcmb/rebaixoD.png,imgCcmb/rebaixoT.png,imgCcmb/furacao.png,imgCcmb/alimentacao.png,4mm,14mm,"1,2mm",15mm,"1,3mm",7mm,14mm,"1,2mm",15mm,"1,3mm","M5 X 0,8mm","3,5mm",6mm,"3,5mm",,,,,
CCMB16-M,"38,7mm",,,,,,,"M6x1,00 X ",12mm,"M5x0,8 X 10mm",,,,,,,img/ccmb-ccb16.png,"0,5mm",3mm,"3,5mm","7,7mm",,,,Ø8,,HASTE-08,,,,"30,5mm",,"M4x0,7 X 10mm",imgTubo/ccmb-ccb.png,CCMBTUBO-16,,,,,,,,,,,,imgCcmb/rebaixoD.png,imgCcmb/rebaixoT.png,imgCcmb/furacao.png,imgCcmb/alimentacao.png,"6,8mm",18mm,"1,2mm",19mm,"1,3mm","6,8mm",18mm,"1,2mm",19mm,"1,3mm","M5 X 0,8mm","3,5mm",6mm,"3,5mm","Ø5,5",11mm,,,
CCMB20-M,37mm,,,,,,,"M8x1,25 X ",14mm,M6x1 X 12mm,,,,,,,img/ccmb-macho.png,1mm,4mm,"4,5mm","9,7mm",,,,Ø10,,HASTE-10,,,,"31,5mm",,M6x1 X 15mm,imgTubo/ccmb-ccb.png,CCMBTUBO-20,,,,,,,,,,,,imgCcmb/rebaixoD.png,imgCcmb/rebaixoT.png,imgCcmb/furacao.png,imgCcmb/alimentacao.png,"4,5mm",22mm,"1,2mm","23,5mm","1,3mm",7mm,22mm,"1,2mm","23,5mm","1,3mm","M5 X 0,8mm",5mm,9mm,7mm,,,,,
CCMB25-M,"42,5mm",,,,,,,"M10x1,25 X ","17,5mm","M8x1,25 X 11mm",,,,,,,img/ccmb-macho.png,1mm,4mm,"4,5mm","11,5mm",,,,Ø12,,HASTE-12,,,,"32,5mm",,M6x1 X 15mm,imgTubo/ccmb-ccb.png,CCMBTUBO-25,,,,,,,,,,,,imgCcmb/rebaixoD.png,imgCcmb/rebaixoT.png,imgCcmb/furacao.png,imgCcmb/alimentacao.png,"4,5mm",26mm,"1,2mm",29mm,"1,3mm",7mm,26mm,"1,2mm",29mm,"1,3mm","M5 X 0,8mm","3,5mm",9mm,7mm,,,,,
CCMB40-M,65mm,,,,,,,"M14x1,5 X ","23,5mm","M12x1,25 X 14mm",,,,,,,img/ccmb-macho.png,1mm,"4,5mm","5,5mm","15,5mm",,,,Ø16,,HASTE-16,,,,"39,5mm",,M6x1 X 15mm,imgTubo/ccmb-ccb.png,CCMBTUBO-40,,,,,,,,,,,,imgCcmb/rebaixoD.png,imgCcmb/rebaixoT.png,imgCcmb/furacao.png,imgCcmb/alimentacao.png,7mm,42mm,"1,7mm","44,5mm","2,8mm","7,5mm",42mm,"1,7mm","44,5mm","1,3mm",BSP 1/8,9mm,9mm,7mm,,,,,
CCMB50-M,61mm,,,,,,,"M18x1,5 X ","28,5mm","M12x1,25 X 13,5mm",,,,,,,img/ccmb-macho.png,"1,5mm","4,5mm","5,5mm",19mm,,,,Ø20,,HASTE-20,,,,40mm,,"M8x1,25 X 20mm",imgTubo/ccmb-ccb.png,CCMBTUBO-50,,,,,,,,,,,,imgCcmb/rebaixoD.png,imgCcmb/rebaixoT.png,imgCcmb/furacao.png,imgCcmb/alimentacao.png,"7,6mm",52mm,"2,2mm",56mm,"3,3mm","9,5mm",52mm,"2,2mm",56mm,"2,8mm",BSP 1/4,11mm,11mm,8mm,,,,,
CCMB63-M,74mm,,,,,,,"M18x1,5 X ","28,5mm","M16x1,5 X 18mm",,,,,,,img/ccmb-macho.png,"1,5mm","4,5mm","5,5mm",19mm,,,,Ø20,,HASTE-20,,,,"45,5mm",,"M10x1,5 X 20mm",imgTubo/ccmb-ccb.png,CCMBTUBO-63,,,,,,,,,,,,imgCcmb/rebaixoD.png,imgCcmb/rebaixoT.png,imgCcmb/furacao.png,imgCcmb/alimentacao.png,"8,8mm",65mm,"2,7mm",68mm,"4,1mm","10,5mm",65mm,"2,7mm",68mm,"2,8mm",BSP 1/4,11mm,14mm,"10,5mm",,,,,
CCMB80-M,"78,5mm",,,,,,,"M22x1,5 X ","35,5mm","M20x1,5 X 16mm",,,,,,,img/ccmb-macho.png,"1,5mm",7mm,8mm,24mm,,,,Ø25,,HASTE-25,,,,"52,5mm",,"M12x1,75 X 25mm",imgTubo/ccmb-ccb.png,CCMBTUBO-80,,,,,,,,,,,,imgCcmb/rebaixoD.png,imgCcmb/rebaixoT.png,imgCcmb/furacao.png,imgCcmb/alimentacao.png,"10,3mm",82mm,"2,7mm","85,5mm","5,1mm","11,8mm",82mm,"2,7mm","85,5mm","2,8mm",BSP 3/8,11mm,18mm,"13,5mm",,,,,
CCMB100-M,87mm,,,,,,,"M26x1,5 X ","35,5mm","M20x1,5 X 19mm",,,,,,,img/ccmb-macho.png,"1,5mm",7mm,8mm,29mm,,,,Ø30,,HASTE-30,,,,"63,5mm",,"M12x1,75 X 25mm",imgTubo/ccmb-ccb.png,CCMBTUBO-100,,,,,,,,,,,,imgCcmb/rebaixoD.png,imgCcmb/rebaixoT.png,imgCcmb/furacao.png,imgCcmb/alimentacao.png,"13,7mm",102mm,"2,7mm",106mm,"8,5mm","14,45mm",102mm,"2,7mm",106mm,"4,8mm",BSP 3/8,11mm,18mm,"13,5mm",,,,,
,,,,,,,,,,,,,,,,,,,,,,,,,,,,,,,,,,,,,,,,,,,,,,,,,,,,,,,,,,,,,,,,,,,,,
CCMB16L-M,"38,7mm",,,,,,,"M6x1,00 X ",12mm,"M5x0,8 X 10mm",,,,,,,img/ccmb-ccb16.png,1mm,3mm,,,,,,Ø8,,HASTE-08,,,,"30,5mm",,"M4x0,7 X 10mm",imgTubo/CCMBL.png,CCMBLTUBO-16,,,,,,,,,,,,imgCcmb/rebaixoDianteiraL.png,imgCcmb/rebaixoTraseiraL.png,imgCcmb/furacaoL.png,imgCcmb/alimentacaoL.png,"6,8mm",18mm,"1,2mm",19mm,"1,3mm","6,8mm",18mm,"1,2mm",19mm,"1,3mm","M5 X 0,8mm","3,5mm",6mm,"3,5mm","Ø5,5",11mm,,,
CCMB20L-M,37mm,,,,,,,"M8x1,25 X ",14mm,M6x1 X 12mm,,,,,,,img/ccmb-macho.png,1mm,4mm,,,,,,Ø10,,HASTE-10,,,,31mm,,M6x1 X 15mm,imgTubo/CCMBL.png,CCMBLTUBO-20,,,,,,,,,,,,imgCcmb/rebaixoDianteiraL.png,imgCcmb/rebaixoTraseiraL.png,imgCcmb/furacaoL.png,imgCcmb/alimentacaoL.png,"4,5mm",22mm,"1,2mm","23,5mm","1,3mm",7mm,22mm,"1,2mm","23,5mm","1,3mm","M5 X 0,8mm",5mm,9mm,7mm,,,,,
CCMB25L-M,"42,5mm",,,,,,,"M10x1,25 X ","17,5mm","M8x1,25 X 11mm",,,,,,,img/ccmb-macho.png,1mm,4mm,,,,,,Ø12,,HASTE-12,,,,31mm,,M6x1 X 15mm,imgTubo/CCMBL.png,CCMBLTUBO-25,,,,,,,,,,,,imgCcmb/rebaixoDianteiraL.png,imgCcmb/rebaixoTraseiraL.png,imgCcmb/furacaoL.png,imgCcmb/alimentacaoL.png,"4,5mm",26mm,"1,2mm",29mm,"1,3mm",7mm,26mm,"1,2mm",29mm,"1,3mm","M5 X 0,8mm","3,5mm",9mm,7mm,,,,,
,,,,,,,,,,,,,,,,,,,,,,,,,,,,,,,,,,,,,,,,,,,,,,,,,,,,,,,,,,,,,,,,,,,,,
CCN12-F,32mm,,,,,,,M3 X ,8mm F,"M4x0,7 X 14mm",,,,,,,img/ccn-femea.png,"0,5mm",3mm,"3,5mm","5,7mm",,,,Ø6,,HASTE-06,,,,15mm,,M6x1 X 12mm,imgTubo/ccn.png,CCNTUBO-12,,,,,,,,,,,,,,,,,,,,,,,,,,,,,,,,,,
CCN16-F,31mm,,,,,,,M4 X ,10mm F,"M5x0,8 X 9mm",,,,,,,img/ccn-femea.png,"0,5mm","4,5mm",5mm,"7,7mm",,,,Ø8,,HASTE-08,,,,12mm,,M6x1 X 12mm,imgTubo/ccn.png,CCNTUBO-16,,,,,,,,,,,,,,,,,,,,,,,,,,,,,,,,,,
CCN20-F,34mm,,,,,,,M6 X ,14mm F,M6x1 X 11mm,,,,,,,img/ccn-femea.png,"0,5mm","4,5mm",5mm,"9,7mm",,,,Ø10,,HASTE-10,,,,13mm,,M8x1 X 16mm,imgTubo/ccn.png,CCNTUBO-20,,,,,,,,,,,,,,,,,,,,,,,,,,,,,,,,,,
CCN25-F,"33,5mm",,,,,,,M6 X ,15mm F,M6x1 X 10mm,,,,,,,img/ccn-femea.png,"0,5mm","4,5mm",5mm,"9,7mm",,,,Ø10,,HASTE-10,,,,15mm,,M8x1 X 16mm,imgTubo/ccn.png,CCNTUBO-25,,,,,,,,,,,,,,,,,,,,,,,,,,,,,,,,,,
CCN32-F,"38,5mm",,,,,,,M8 X ,16mm F,"M8x1,25 X 12mm",,,,,,,img/ccn-femea.png,1mm,"4,5mm",5mm,"11,5mm",,,,Ø12,,HASTE-12,,,,14mm,,M10x1 X 20mm,imgTubo/ccn.png,CCNTUBO-32,,,,,,,,,,,,,,,,,,,,,,,,,,,,,,,,,,
CCN40-F,"39,5mm",,,,,,,M8 X ,16mm F,"M8x1,25 X 12,5mm",,,,,,,img/ccn-femea.png,1mm,5mm,"5,5mm","11,5mm",,,,Ø12,,HASTE-12,,,,15mm,,M10x1 X 20mm,imgTubo/ccn.png,CCNTUBO-40,,,,,,,,,,,,,,,,,,,,,,,,,,,,,,,,,,
CCN50-F,"42,5mm",,,,,,,M10 X ,20mm F,"M10x1,25 X 12,5mm",,,,,,,img/ccn-femea.png,"1,5mm",7mm,8mm,"15,5mm",,,,Ø16,,HASTE-16,,,,16mm,,M12x1 X 24mm,imgTubo/ccn.png,CCNTUBO-50,,,,,,,,,,,,,,,,,,,,,,,,,,,,,,,,,,
CCN63-F,"45,5mm",,,,,,,M10 X ,20mm F,"M10x1,25 X 15mm",,,,,,,img/ccn-femea.png,"1,5mm",7mm,8mm,"15,5mm",,,,Ø16,,HASTE-16,,,,19mm,,M12x1 X 24mm,imgTubo/ccn.png,CCNTUBO-63,,,,,,,,,,,,,,,,,,,,,,,,,,,,,,,,,,
CCN80-F,50mm,,,,,,,M12 X ,20mm F,"M16x1,5 X 17mm",,,,,,,img/ccn-femea.png,"1,5mm",7mm,8mm,19mm,,,,Ø20,,HASTE-20,,,,"22,5mm",,"M8x1,25 X 16mm",imgTubo/ccn.png,CCNTUBO-80,,,,,,,,,,,,,,,,,,,,,,,,,,,,,,,,,,
CCN100-F,55mm,,,,,,,M12 X ,20mm F,"M16x1,5 X 17,5mm",,,,,,,img/ccn-femea.png,"1,5mm",7mm,8mm,19mm,,,,Ø20,,HASTE-20,,,,25mm,,"M8x1,25 X 16mm",imgTubo/ccn.png,CCNTUBO-100,,,,,,,,,,,,,,,,,,,,,,,,,,,,,,,,,,
CCN125-F,"68,5mm",,,,,,,M16 X ,25mm F,"M20x1,5 X 20mm",,,,,,,img/ccn-femea.png,2mm,9mm,10mm,24mm,,,,Ø25,,HASTE-25,,,,41mm,,"M10x1,5 X 20mm",imgTubo/ccn.png,CCNTUBO-125,,,,,,,,,,,,,,,,,,,,,,,,,,,,,,,,,,
,,,,,,,,,,,,,,,,,,,,,,,,,,,,,,,,,,,,,,,,,,,,,,,,,,,,,,,,,,,,,,,,,,,,,
CCN12-M,42mm,,,,,,,"M5x0,8 X ",10mm,"M4x0,7 X 14mm ",,,,,,,img/ccn-macho.png,"0,5mm",3mm,"3,5mm","5,7mm",,,,Ø6,,HASTE-06,,,,15mm,,M6x1 X 12mm,imgTubo/ccn.png,CCNTUBO-12,,,,,,,,,,,,,,,,,,,,,,,,,,,,,,,,,,
CCN16-M,43mm,,,,,,,"M6x1,00 X ",12mm,"M5x0,8 X 9mm",,,,,,,img/ccn-macho.png,"0,5mm","4,5mm",5mm,"7,7mm",,,,Ø8,,HASTE-08,,,,12mm,,M6x1 X 12mm,imgTubo/ccn.png,CCNTUBO-16,,,,,,,,,,,,,,,,,,,,,,,,,,,,,,,,,,
CCN20-M,50mm,,,,,,,"M8x1,25 X ",16mm,M6x1 X 10mm,,,,,,,img/ccn-macho.png,"0,5mm","4,5mm",5mm,"9,7mm",,,,Ø10,,HASTE-10,,,,13mm,,M8x1 X 16mm,imgTubo/ccn.png,CCNTUBO-20,,,,,,,,,,,,,,,,,,,,,,,,,,,,,,,,,,
CCN25-M,"51,5mm",,,,,,,"M8x1,25 X ",16mm,M6x1 X 11mm,,,,,,,img/ccn-macho.png,"0,5mm","4,5mm",5mm,"9,7mm",,,,Ø10,,HASTE-10,,,,15mm,,M8x1 X 16mm,imgTubo/ccn.png,CCNTUBO-25,,,,,,,,,,,,,,,,,,,,,,,,,,,,,,,,,,
CCN32-M,"57,5mm",,,,,,,"M10x1,25 X ",19mm,"M8x1,25 X 12mm",,,,,,,img/ccn-macho.png,1mm,"4,5mm",5mm,"11,5mm",,,,Ø12,,HASTE-12,,,,14mm,,M10x1 X 20mm,imgTubo/ccn.png,CCNTUBO-32,,,,,,,,,,,,,,,,,,,,,,,,,,,,,,,,,,
CCN40-M,"58,5mm",,,,,,,"M10x1,25 X ",19mm,"M8x1,25 X 12,5mm",,,,,,,img/ccn-macho.png,1mm,5mm,"5,5mm","11,5mm",,,,Ø12,,HASTE-12,,,,15mm,,M10x1 X 20mm,imgTubo/ccn.png,CCNTUBO-40,,,,,,,,,,,,,,,,,,,,,,,,,,,,,,,,,,
CCN50-M,"64,5mm",,,,,,,"M12x1,25 X ",22mm,"M10x1,25 X 12,5mm",,,,,,,img/ccn-macho.png,"1,5mm",7mm,8mm,"15,5mm",,,,Ø16,,HASTE-16,,,,16mm,,M12x1 X 24mm,imgTubo/ccn.png,CCNTUBO-50,,,,,,,,,,,,,,,,,,,,,,,,,,,,,,,,,,
CCN63-M,"67,5mm",,,,,,,"M12x1,25 X ",22mm,"M10x1,25 X 15mm",,,,,,,img/ccn-macho.png,"1,5mm",7mm,8mm,"15,5mm",,,,Ø16,,HASTE-16,,,,19mm,,M12x1 X 24mm,imgTubo/ccn.png,CCNTUBO-63,,,,,,,,,,,,,,,,,,,,,,,,,,,,,,,,,,
CCN80-M,78mm,,,,,,,"M16x1,5 X ",28mm,"M16x1,5 X 17mm",,,,,,,img/ccn-macho.png,"1,5mm",7mm,8mm,19mm,,,,Ø20,,HASTE-20,,,,"22,5mm",,"M8x1,25 X 16mm",imgTubo/ccn.png,CCNTUBO-80,,,,,,,,,,,,,,,,,,,,,,,,,,,,,,,,,,
CCN100-M,83mm,,,,,,,"M16x1,5 X ",28mm,"M16x1,5 X 17,5mm",,,,,,,img/ccn-macho.png,"1,5mm",7mm,8mm,19mm,,,,Ø20,,HASTE-20,,,,26mm,,"M8x1,25 X 16mm",imgTubo/ccn.png,CCNTUBO-100,,,,,,,,,,,,,,,,,,,,,,,,,,,,,,,,,,
CCN125-M,"108,5mm",,,,,,,"M20X1,5 X ",40mm,"M20x1,5 X 20mm",,,,,,,img/ccn-macho.png,2mm,9mm,10mm,24mm,,,,Ø25,,HASTE-25,,,,41mm,,"M10x1,5 X 20mm",imgTubo/ccn.png,CCNTUBO-125,,,,,,,,,,,,,,,,,,,,,,,,,,,,,,,,,,
,,,,,,,,,,,,,,,,,,,,,,,,,,,,,,,,,,,,,,,,,,,,,,,,,,,,,,,,,,,,,,,,,,,,,
CCN12F-A,32mm,,,,,,,M3 X ,8mm F,"M4x0,7 X 14mm",,,,,,,img/ccn-femea.png,"0,5mm",3mm,"3,5mm","5,7mm",,,,Ø6,,HASTE-06,,,,15mm,,M6x1 X 12mm,imgTubo/ccn.png,CCNTUBO-12,,,,,,,,,,,,,,,,,,,,,,,,,,,,,,,,,,
CCN16F-A,31mm,,,,,,,M4 X ,10mm F,"M5x0,8 X 9mm",,,,,,,img/ccn-femea.png,"0,5mm","4,5mm",5mm,"7,7mm",,,,Ø8,,HASTE-08,,,,12mm,,M6x1 X 12mm,imgTubo/ccn.png,CCNTUBO-16,,,,,,,,,,,,,,,,,,,,,,,,,,,,,,,,,,
CCN20F-A,34mm,,,,,,,M6 X ,14mm F,M6x1 X 11mm,,,,,,,img/ccn-femea.png,"0,5mm","4,5mm",5mm,"9,7mm",,,,Ø10,,HASTE-10,,,,13mm,,M8x1 X 16mm,imgTubo/ccn.png,CCNTUBO-20,,,,,,,,,,,,,,,,,,,,,,,,,,,,,,,,,,
CCN25F-A,"33,5mm",,,,,,,M6 X ,15mm F,M6x1 X 10mm,,,,,,,img/ccn-femea.png,"0,5mm","4,5mm",5mm,"9,7mm",,,,Ø10,,HASTE-10,,,,15mm,,M8x1 X 16mm,imgTubo/ccn.png,CCNTUBO-25,,,,,,,,,,,,,,,,,,,,,,,,,,,,,,,,,,
CCN32F-A,"38,5mm",,,,,,,M8 X ,16mm F,"M8x1,25 X 12mm",,,,,,,img/ccn-femea.png,1mm,"4,5mm",5mm,"11,5mm",,,,Ø12,,HASTE-12,,,,14mm,,M10x1 X 20mm,imgTubo/ccn.png,CCNTUBO-32,,,,,,,,,,,,,,,,,,,,,,,,,,,,,,,,,,
CCN40F-A,"39,5mm",,,,,,,M8 X ,16mm F,"M8x1,25 X 12,5mm",,,,,,,img/ccn-femea.png,1mm,5mm,"5,5mm","11,5mm",,,,Ø12,,HASTE-12,,,,15mm,,M10x1 X 20mm,imgTubo/ccn.png,CCNTUBO-40,,,,,,,,,,,,,,,,,,,,,,,,,,,,,,,,,,
CCN50F-A,"42,5mm",,,,,,,M10 X ,20mm F,"M10x1,25 X 12,5mm",,,,,,,img/ccn-femea.png,"1,5mm",7mm,8mm,"15,5mm",,,,Ø16,,HASTE-16,,,,16mm,,M12x1 X 24mm,imgTubo/ccn.png,CCNTUBO-50,,,,,,,,,,,,,,,,,,,,,,,,,,,,,,,,,,
CCN63F-A,"45,5mm",,,,,,,M10 X ,20mm F,"M10x1,25 X 15mm",,,,,,,img/ccn-femea.png,"1,5mm",7mm,8mm,"15,5mm",,,,Ø16,,HASTE-16,,,,19mm,,M12x1 X 24mm,imgTubo/ccn.png,CCNTUBO-63,,,,,,,,,,,,,,,,,,,,,,,,,,,,,,,,,,
CCN80F-A,50mm,,,,,,,M12 X ,20mm F,"M16x1,5 X 17mm",,,,,,,img/ccn-femea.png,"1,5mm",7mm,8mm,19mm,,,,Ø20,,HASTE-20,,,,"22,5mm",,"M8x1,25 X 16mm",imgTubo/ccn.png,CCNTUBO-80,,,,,,,,,,,,,,,,,,,,,,,,,,,,,,,,,,
CCN100F-A,55mm,,,,,,,M12 X ,20mm F,"M16x1,5 X 17,5mm",,,,,,,img/ccn-femea.png,"1,5mm",7mm,8mm,19mm,,,,Ø20,,HASTE-20,,,,25mm,,"M8x1,25 X 16mm",imgTubo/ccn.png,CCNTUBO-100,,,,,,,,,,,,,,,,,,,,,,,,,,,,,,,,,,
CCN125F-A,"68,5mm",,,,,,,M16 X ,25mm F,"M20x1,5 X 20mm",,,,,,,img/ccn-femea.png,2mm,9mm,10mm,24mm,,,,Ø25,,HASTE-25,,,,41mm,,"M10x1,5 X 20mm",imgTubo/ccn.png,CCNTUBO-125,,,,,,,,,,,,,,,,,,,,,,,,,,,,,,,,,,
,,,,,,,,,,,,,,,,,,,,,,,,,,,,,,,,,,,,,,,,,,,,,,,,,,,,,,,,,,,,,,,,,,,,,
CCN12F-R,32mm,,,,,,,M3 X ,8mm F,"M4x0,7 X 14mm",,,,,,,img/ccn-femea.png,"0,5mm",3mm,"3,5mm","5,7mm",,,,Ø6,,HASTE-06,,,,15mm,,M6x1 X 12mm,imgTubo/ccn.png,CCNTUBO-12,,,,,,,,,,,,,,,,,,,,,,,,,,,,,,,,,,
CCN16F-R,31mm,,,,,,,M4 X ,10mm F,"M5x0,8 X 9mm",,,,,,,img/ccn-femea.png,"0,5mm","4,5mm",5mm,"7,7mm",,,,Ø8,,HASTE-08,,,,12mm,,M6x1 X 12mm,imgTubo/ccn.png,CCNTUBO-16,,,,,,,,,,,,,,,,,,,,,,,,,,,,,,,,,,
CCN20F-R,34mm,,,,,,,M6 X ,14mm F,M6x1 X 11mm,,,,,,,img/ccn-femea.png,"0,5mm","4,5mm",5mm,"9,7mm",,,,Ø10,,HASTE-10,,,,13mm,,M8x1 X 16mm,imgTubo/ccn.png,CCNTUBO-20,,,,,,,,,,,,,,,,,,,,,,,,,,,,,,,,,,
CCN25F-R,"33,5mm",,,,,,,M6 X ,15mm F,M6x1 X 10mm,,,,,,,img/ccn-femea.png,"0,5mm","4,5mm",5mm,"9,7mm",,,,Ø10,,HASTE-10,,,,15mm,,M8x1 X 16mm,imgTubo/ccn.png,CCNTUBO-25,,,,,,,,,,,,,,,,,,,,,,,,,,,,,,,,,,
CCN32F-R,"38,5mm",,,,,,,M8 X ,16mm F,"M8x1,25 X 12mm",,,,,,,img/ccn-femea.png,1mm,"4,5mm",5mm,"11,5mm",,,,Ø12,,HASTE-12,,,,14mm,,M10x1 X 20mm,imgTubo/ccn.png,CCNTUBO-32,,,,,,,,,,,,,,,,,,,,,,,,,,,,,,,,,,
CCN40F-R,"39,5mm",,,,,,,M8 X ,16mm F,"M8x1,25 X 12,5mm",,,,,,,img/ccn-femea.png,1mm,5mm,"5,5mm","11,5mm",,,,Ø12,,HASTE-12,,,,15mm,,M10x1 X 20mm,imgTubo/ccn.png,CCNTUBO-40,,,,,,,,,,,,,,,,,,,,,,,,,,,,,,,,,,
CCN50F-R,"42,5mm",,,,,,,M10 X ,20mm F,"M10x1,25 X 12,5mm",,,,,,,img/ccn-femea.png,"1,5mm",7mm,8mm,"15,5mm",,,,Ø16,,HASTE-16,,,,16mm,,M12x1 X 24mm,imgTubo/ccn.png,CCNTUBO-50,,,,,,,,,,,,,,,,,,,,,,,,,,,,,,,,,,
CCN63F-R,"45,5mm",,,,,,,M10 X ,20mm F,"M10x1,25 X 15mm",,,,,,,img/ccn-femea.png,"1,5mm",7mm,8mm,"15,5mm",,,,Ø16,,HASTE-16,,,,19mm,,M12x1 X 24mm,imgTubo/ccn.png,CCNTUBO-63,,,,,,,,,,,,,,,,,,,,,,,,,,,,,,,,,,
CCN80F-R,50mm,,,,,,,M12 X ,20mm F,"M16x1,5 X 17mm",,,,,,,img/ccn-femea.png,"1,5mm",7mm,8mm,19mm,,,,Ø20,,HASTE-20,,,,"22,5mm",,"M8x1,25 X 16mm",imgTubo/ccn.png,CCNTUBO-80,,,,,,,,,,,,,,,,,,,,,,,,,,,,,,,,,,
CCN100F-R,55mm,,,,,,,M12 X ,20mm F,"M16x1,5 X 17,5mm",,,,,,,img/ccn-femea.png,"1,5mm",7mm,8mm,19mm,,,,Ø20,,HASTE-20,,,,25mm,,"M8x1,25 X 16mm",imgTubo/ccn.png,CCNTUBO-100,,,,,,,,,,,,,,,,,,,,,,,,,,,,,,,,,,
CCN125F-R,"68,5mm",,,,,,,M16 X ,25mm F,"M20x1,5 X 20mm",,,,,,,img/ccn-femea.png,2mm,9mm,10mm,24mm,,,,Ø25,,HASTE-25,,,,41mm,,"M10x1,5 X 20mm",imgTubo/ccn.png,CCNTUBO-125,,,,,,,,,,,,,,,,,,,,,,,,,,,,,,,,,,
,,,,,,,,,,,,,,,,,,,,,,,,,,,,,,,,,,,,,,,,,,,,,,,,,,,,,,,,,,,,,,,,,,,,,
CCN12M-A,42mm,,,,,,,"M5x0,8 X ",10mm,"M4x0,7 X 14mm ",,,,,,,img/ccn-macho.png,"0,5mm",3mm,"3,5mm","5,7mm",,,,Ø6,,HASTE-06,,,,15mm,,M6x1 X 12mm,imgTubo/ccn.png,CCNTUBO-12,,,,,,,,,,,,,,,,,,,,,,,,,,,,,,,,,,
CCN16M-A,43mm,,,,,,,"M6x1,00 X ",12mm,"M5x0,8 X 9mm",,,,,,,img/ccn-macho.png,"0,5mm","4,5mm",5mm,"7,7mm",,,,Ø8,,HASTE-08,,,,12mm,,M6x1 X 12mm,imgTubo/ccn.png,CCNTUBO-16,,,,,,,,,,,,,,,,,,,,,,,,,,,,,,,,,,
CCN20M-A,50mm,,,,,,,"M8x1,25 X ",16mm,M6x1 X 10mm,,,,,,,img/ccn-macho.png,"0,5mm","4,5mm",5mm,"9,7mm",,,,Ø10,,HASTE-10,,,,13mm,,M8x1 X 16mm,imgTubo/ccn.png,CCNTUBO-20,,,,,,,,,,,,,,,,,,,,,,,,,,,,,,,,,,
CCN25M-A,"51,5mm",,,,,,,"M8x1,25 X ",16mm,M6x1 X 11mm,,,,,,,img/ccn-macho.png,"0,5mm","4,5mm",5mm,"9,7mm",,,,Ø10,,HASTE-10,,,,15mm,,M8x1 X 16mm,imgTubo/ccn.png,CCNTUBO-25,,,,,,,,,,,,,,,,,,,,,,,,,,,,,,,,,,
CCN32M-A,"57,5mm",,,,,,,"M10x1,25 X ",19mm,"M8x1,25 X 12mm",,,,,,,img/ccn-macho.png,1mm,"4,5mm",5mm,"11,5mm",,,,Ø12,,HASTE-12,,,,14mm,,M10x1 X 20mm,imgTubo/ccn.png,CCNTUBO-32,,,,,,,,,,,,,,,,,,,,,,,,,,,,,,,,,,
CCN40M-A,"58,5mm",,,,,,,"M10x1,25 X ",19mm,"M8x1,25 X 12,5mm",,,,,,,img/ccn-macho.png,1mm,5mm,"5,5mm","11,5mm",,,,Ø12,,HASTE-12,,,,15mm,,M10x1 X 20mm,imgTubo/ccn.png,CCNTUBO-40,,,,,,,,,,,,,,,,,,,,,,,,,,,,,,,,,,
CCN50M-A,"64,5mm",,,,,,,"M12x1,25 X ",22mm,"M10x1,25 X 12,5mm",,,,,,,img/ccn-macho.png,"1,5mm",7mm,8mm,"15,5mm",,,,Ø16,,HASTE-16,,,,16mm,,M12x1 X 24mm,imgTubo/ccn.png,CCNTUBO-50,,,,,,,,,,,,,,,,,,,,,,,,,,,,,,,,,,
CCN63M-A,"67,5mm",,,,,,,"M12x1,25 X ",22mm,"M10x1,25 X 15mm",,,,,,,img/ccn-macho.png,"1,5mm",7mm,8mm,"15,5mm",,,,Ø16,,HASTE-16,,,,19mm,,M12x1 X 24mm,imgTubo/ccn.png,CCNTUBO-63,,,,,,,,,,,,,,,,,,,,,,,,,,,,,,,,,,
CCN80M-A,78mm,,,,,,,"M16x1,5 X ",28mm,"M16x1,5 X 17mm",,,,,,,img/ccn-macho.png,"1,5mm",7mm,8mm,19mm,,,,Ø20,,HASTE-20,,,,"22,5mm",,"M8x1,25 X 16mm",imgTubo/ccn.png,CCNTUBO-80,,,,,,,,,,,,,,,,,,,,,,,,,,,,,,,,,,
CCN100M-A,83mm,,,,,,,"M16x1,5 X ",28mm,"M16x1,5 X 17,5mm",,,,,,,img/ccn-macho.png,"1,5mm",7mm,8mm,19mm,,,,Ø20,,HASTE-20,,,,26mm,,"M8x1,25 X 16mm",imgTubo/ccn.png,CCNTUBO-100,,,,,,,,,,,,,,,,,,,,,,,,,,,,,,,,,,
CCN125M-A,"108,5mm",,,,,,,"M20X1,5 X ",40mm,"M20x1,5 X 20mm",,,,,,,img/ccn-macho.png,2mm,9mm,10mm,24mm,,,,Ø25,,HASTE-25,,,,41mm,,"M10x1,5 X 20mm",imgTubo/ccn.png,CCNTUBO-125,,,,,,,,,,,,,,,,,,,,,,,,,,,,,,,,,,
,,,,,,,,,,,,,,,,,,,,,,,,,,,,,,,,,,,,,,,,,,,,,,,,,,,,,,,,,,,,,,,,,,,,,
CCN12M-R,42mm,,,,,,,"M5x0,8 X ",10mm,"M4x0,7 X 14mm ",,,,,,,img/ccn-macho.png,"0,5mm",3mm,"3,5mm","5,7mm",,,,Ø6,,HASTE-06,,,,15mm,,M6x1 X 12mm,imgTubo/ccn.png,CCNTUBO-12,,,,,,,,,,,,,,,,,,,,,,,,,,,,,,,,,,
CCN16M-R,43mm,,,,,,,"M6x1,00 X ",12mm,"M5x0,8 X 9mm",,,,,,,img/ccn-macho.png,"0,5mm","4,5mm",5mm,"7,7mm",,,,Ø8,,HASTE-08,,,,12mm,,M6x1 X 12mm,imgTubo/ccn.png,CCNTUBO-16,,,,,,,,,,,,,,,,,,,,,,,,,,,,,,,,,,
CCN20M-R,50mm,,,,,,,"M8x1,25 X ",16mm,M6x1 X 10mm,,,,,,,img/ccn-macho.png,"0,5mm","4,5mm",5mm,"9,7mm",,,,Ø10,,HASTE-10,,,,13mm,,M8x1 X 16mm,imgTubo/ccn.png,CCNTUBO-20,,,,,,,,,,,,,,,,,,,,,,,,,,,,,,,,,,
CCN25M-R,"51,5mm",,,,,,,"M8x1,25 X ",16mm,M6x1 X 11mm,,,,,,,img/ccn-macho.png,"0,5mm","4,5mm",5mm,"9,7mm",,,,Ø10,,HASTE-10,,,,15mm,,M8x1 X 16mm,imgTubo/ccn.png,CCNTUBO-25,,,,,,,,,,,,,,,,,,,,,,,,,,,,,,,,,,
CCN32M-R,"57,5mm",,,,,,,"M10x1,25 X ",19mm,"M8x1,25 X 12mm",,,,,,,img/ccn-macho.png,1mm,"4,5mm",5mm,"11,5mm",,,,Ø12,,HASTE-12,,,,14mm,,M10x1 X 20mm,imgTubo/ccn.png,CCNTUBO-32,,,,,,,,,,,,,,,,,,,,,,,,,,,,,,,,,,
CCN40M-R,"58,5mm",,,,,,,"M10x1,25 X ",19mm,"M8x1,25 X 12,5mm",,,,,,,img/ccn-macho.png,1mm,5mm,"5,5mm","11,5mm",,,,Ø12,,HASTE-12,,,,15mm,,M10x1 X 20mm,imgTubo/ccn.png,CCNTUBO-40,,,,,,,,,,,,,,,,,,,,,,,,,,,,,,,,,,
CCN50M-R,"64,5mm",,,,,,,"M12x1,25 X ",22mm,"M10x1,25 X 12,5mm",,,,,,,img/ccn-macho.png,"1,5mm",7mm,8mm,"15,5mm",,,,Ø16,,HASTE-16,,,,16mm,,M12x1 X 24mm,imgTubo/ccn.png,CCNTUBO-50,,,,,,,,,,,,,,,,,,,,,,,,,,,,,,,,,,
CCN63M-R,"67,5mm",,,,,,,"M12x1,25 X ",22mm,"M10x1,25 X 15mm",,,,,,,img/ccn-macho.png,"1,5mm",7mm,8mm,"15,5mm",,,,Ø16,,HASTE-16,,,,19mm,,M12x1 X 24mm,imgTubo/ccn.png,CCNTUBO-63,,,,,,,,,,,,,,,,,,,,,,,,,,,,,,,,,,
CCN80M-R,78mm,,,,,,,"M16x1,5 X ",28mm,"M16x1,5 X 17mm",,,,,,,img/ccn-macho.png,"1,5mm",7mm,8mm,19mm,,,,Ø20,,HASTE-20,,,,"22,5mm",,"M8x1,25 X 16mm",imgTubo/ccn.png,CCNTUBO-80,,,,,,,,,,,,,,,,,,,,,,,,,,,,,,,,,,
CCN100M-R,83mm,,,,,,,"M16x1,5 X ",28mm,"M16x1,5 X 17,5mm",,,,,,,img/ccn-macho.png,"1,5mm",7mm,8mm,19mm,,,,Ø20,,HASTE-20,,,,26mm,,"M8x1,25 X 16mm",imgTubo/ccn.png,CCNTUBO-100,,,,,,,,,,,,,,,,,,,,,,,,,,,,,,,,,,
CCN125M-R,"108,5mm",,,,,,,"M20X1,5 X ",40mm,"M20x1,5 X 20mm",,,,,,,img/ccn-macho.png,2mm,9mm,10mm,24mm,,,,Ø25,,HASTE-25,,,,41mm,,"M10x1,5 X 20mm",imgTubo/ccn.png,CCNTUBO-125,,,,,,,,,,,,,,,,,,,,,,,,,,,,,,,,,,
,,,,,,,,,,,,,,,,,,,,,,,,,,,,,,,,,,,,,,,,,,,,,,,,,,,,,,,,,,,,,,,,,,,,,
CCNG12,32mm,,,,,,,"M3x0,5 X ",8mm,"M4x0,7 X 14mm",,,,,,,img/ccng.png,"0,5mm",3mm,"3,5mm","5,7mm",,,,Ø6,,HASTE-06,,,,15mm,,M6x1 X 12mm,imgTubo/ccn.png,CCNTUBO-12,Ø5,HASTE-05,"9,5mm","M3x0,5 X 8mm",imgGuia/ccng.png,,,,,,,,,,,,,,,,,,,,,,,,,,,,,
CCNG16,31mm,,,,,,,"M4x0,7 X     ",10mm,"M5x0,8 X 9mm",,,,,,,img/ccng.png,"0,5mm","4,5mm",5mm,"7,7mm",,,,Ø8,,HASTE-08,,,,12mm,,M6x1 X 12mm,imgTubo/ccn.png,CCNTUBO-16,Ø5,HASTE-05,10mm,"M4x0,7 X 8mm",imgGuia/ccng.png,,,,,,,,,,,,,,,,,,,,,,,,,,,,,
CCNG20,34mm,,,,,,,"M6x1,00 X ",12mm,"M6x1,00 X 10mm",,,,,,,img/ccng.png,"0,5mm","4,5mm",5mm,"9,7mm",,,,Ø10,,HASTE-10,,,,13mm,,M8x1 X 16mm,imgTubo/ccn.png,CCNTUBO-20,Ø6,HASTE-06,"11,5mm","M4x0,7 X 8mm",imgGuia/ccng.png,,,,,,,,,,,,,,,,,,,,,,,,,,,,,
CCNG25,"33,5mm",,,,,,,"M6x1,00 X ",12mm,"M6x1,00 X 11mm",,,,,,,img/ccng.png,"0,5mm","4,5mm",5mm,"9,7mm",,,,Ø10,,HASTE-10,,,,15mm,,M8x1 X 16mm,imgTubo/ccn.png,CCNTUBO-25,Ø6,HASTE-06,"11,5mm","M4x0,7 X 8mm",imgGuia/ccng.png,,,,,,,,,,,,,,,,,,,,,,,,,,,,,
CCNG32,"38,5mm",,,,,,,"M8x1,25 X ",16mm,"M8x1,25 X 12mm",,,,,,,img/ccng.png,1mm,"4,5mm",5mm,"11,5mm",,,,Ø12,,HASTE-12,,,,14mm,,M10x1 X 20mm,imgTubo/ccn.png,1L2A0070Y,Ø8,HASTE-08,"13,5mm","M5x0,8 X 10mm",imgGuia/ccng.png,,,,,,,,,,,,,,,,,,,,,,,,,,,,,
CCNG40,"37,5mm",,,,,,,"M8x1,25 X ",16mm,"M8x1,25 X 12,5mm",,,,,,,img/ccng.png,1mm,5mm,"5,5mm","11,5mm",,,,Ø12,,HASTE-12,,,,15mm,,M10x1 X 20mm,imgTubo/ccn.png,CCNTUBO-40,Ø8,HASTE-08,"13,5mm","M5x0,8 X 10mm",imgGuia/ccng.png,,,,,,,,,,,,,,,,,,,,,,,,,,,,,
CCNG50,"42,5mm",,,,,,,"M10x1,5 X    ",20mm,"M10x1,25 X 12,5mm",,,,,,,img/ccng.png,"1,5mm",7mm,8mm,"15,5mm",,,,Ø16,,HASTE-16,,,,16mm,,M12x1 X 24mm,imgTubo/ccn.png,CCNTUBO-50,Ø10,HASTE-10,15mm,M6x1 X 12mm,imgGuia/ccng.png,,,,,,,,,,,,,,,,,,,,,,,,,,,,,
CCNG63,"45,5mm",,,,,,,"M10x1,5 X ",20mm,"M10x1,25 X 15mm",,,,,,,img/ccng.png,"1,5mm",7mm,8mm,"15,5mm",,,,Ø16,,HASTE-16,,,,19mm,,M12x1 X 24mm,imgTubo/ccn.png,CCNTUBO-63,Ø10,HASTE-10,15mm,M6x1 X 12mm,imgGuia/ccng.png,,,,,,,,,,,,,,,,,,,,,,,,,,,,,
CCNG80,50mm,,,,,,,"M12x1,75 X   ",24mm,"M16x1,5 X 17mm",,,,,,,img/ccng.png,"1,5mm",7mm,8mm,19mm,,,,Ø20,,HASTE-20,,,,"22,5mm",,"M8x1,25 X 16mm",imgTubo/ccn.png,CCNTUBO-80,Ø12,HASTE-12,"25,5mm","M8x1,25 X 16mm",imgGuia/ccng.png,,,,,,,,,,,,,,,,,,,,,,,,,,,,,
CCNG100,55mm,,,,,,,"M12x1,75 X ",24mm,"M16x1,5 X 17,5mm",,,,,,,img/ccng.png,"1,5mm",7mm,8mm,19mm,,,,Ø20,,HASTE-20,,,,25mm,,"M8x1,25 X 16mm",imgTubo/ccn.png,CCNTUBO-100,Ø12,HASTE-12,"30,5mm","M8x1,25 X 16mm",imgGuia/ccng.png,,,,,,,,,,,,,,,,,,,,,,,,,,,,,
,,,,,,,,,,,,,,,,,,,,,,,,,,,,,,,,,,,,,,,,,,,,,,,,,,,,,,,,,,,,,,,,,,,,,
CDVU12-F,33mm,"20,5mm",51mm,M3 X ,8mm,,,"M3x0,5 X ",8mm F,"M5x0,8 X 11mm","M4x0,7 X 8mm","M4x0,7 X 8mm",,,,img/cdvufemeapassante.png,img/cdvufemea1.png,"0,5mm",3mm,,,,,,Ø6,img/cdvufemea1.png,HASTE-06,,,,"12,5mm",,M7x1 X 14mm,imgTubo/cdvu.png,CDVUTUBO-12/16,,,,,,,,,,,,,,,,,,,,,,,,,,,,,,,,,,
CDVU16-F,"32,5mm","20,5mm","37,5mm",M8 X ,20mm,,,"M4x0,7 X ",10mm F,"M5x0,8 X 11,5mm","M4x0,7 X 14mm","M4x0,7 X 14mm",,,,img/cdvufemeapassante.png,img/cdvufemea1.png,"0,5mm","3,5mm",,,,,,Ø8,img/cdvufemea1.png,HASTE-08,,,,"12,5mm",,M7x1 X 14mm,imgTubo/cdvu.png,CDVUTUBO-12/16,,,,,,,,,,,,,,,,,,,,,,,,,,,,,,,,,,
CDVU20-F,35mm,"18,5mm","40,5mm",M5 X ,12mm,,,"M5x0,8 X ",12mm F,"M6x1,00 X 12,5mm",M6x1 X 20mm,M6x1 X 20mm ,,,,img/cdvufemeapassante.png,img/cdvufemea1.png,"0,5mm","3,5mm",,,,,,Ø10,img/cdvufemea1.png,HASTE-10,,,,14mm,,M8x1 X 16mm,imgTubo/cdvu.png,CDVUTUBO-20,,,,,,,,,,,,,,,,,,,,,,,,,,,,,,,,,,
CDVU25-F,36mm,"22,5mm","40,5mm",M5 X ,12mm,,,"M5x0,8 X ",12mm F,"M6x1,00 X 13,5mm",M6x1 X 20mm,M6x1 X 20mm ,,,,img/cdvufemeapassante.png,img/cdvufemea1.png,"0,5mm","4,5mm",,,,,,Ø10,img/cdvufemea1.png,HASTE-10,,,,"14,5mm",,M8x1 X 16mm,imgTubo/cdvu.png,CDVUTUBO-25,,,,,,,,,,,,,,,,,,,,,,,,,,,,,,,,,,
CDVU32-F,38mm,"25,5mm","43,5mm",M6 X ,14mm,,,"M6x1,00 X ",14mm F,"M6x1,00 X 9mm","M6x1,00 X 20,5mm","M6x1,00 X 20,5mm ",,,,img/cdvufemeapassante.png,img/cdvufemea1.png,1mm,5mm,,,,,,Ø12,img/cdvufemea1.png,HASTE-12,,,,15mm,,M10x1 X 20mm,imgTubo/cdvu.png,CDVUTUBO-32,,,,,,,,,,,,,,,,,,,,,,,,,,,,,,,,,,
CDVU40-F,"40,5mm","25,5mm",48mm,M6 X ,14mm,,,"M6x1,00 X ",14mm F,"M8x1,25 X 15mm","M8x1,25 X 25,5mm","M8x1,25 X 25,5mm ",,,,img/cdvufemeapassante.png,img/cdvufemea1.png,1mm,5mm,,,,,,Ø12,img/cdvufemea1.png,HASTE-12,,,,16mm,,M10x1 X 20mm,imgTubo/cdvu.png,CDVUTUBO-40,,,,,,,,,,,,,,,,,,,,,,,,,,,,,,,,,,
CDVU50-F,"42,5mm",27mm,"55,5mm",M8 X ,16mm,,,"M8x1,25 X ",16mm F,"M10x1,25 X 17mm","M10x1,25 X 25mm","M10x1,25 X 20mm ",,,,img/cdvufemeapassante.png,img/cdvufemea1.png,"1,5mm",6mm,,,,,,Ø16,img/cdvufemea1.png,HASTE-16,,,,15mm,,M12x1 X 24mm,imgTubo/cdvu.png,CDVUTUBO-50,,,,,,,,,,,,,,,,,,,,,,,,,,,,,,,,,,
CDVU63-F,"48,5mm",29mm,"51,5mm",M8 X ,16mm,,,"M8x1,25 X ",16mm F,"M10x1,25 X 19mm","M10x1,25 X 27mm","M10x1,25 X 27mm ",,,,img/cdvufemeapassante.png,img/cdvufemea1.png,"1,5mm",6mm,,,,,,Ø16,img/cdvufemea1.png,HASTE-16,,,,21mm,,M16x1 X 32mm,imgTubo/cdvu.png,CDVUTUBO-63,,,,,,,,,,,,,,,,,,,,,,,,,,,,,,,,,,
CDVU80-F,49mm,31mm,61mm,M10 X ,20mm,,,"M10x1,5 X ",20mm F,"M12x1,25 X 18mm","M12x1,25 X 35mm","M12x1,25 X 25mm",,,,img/cdvufemeapassante.png,img/cdvufemea1.png,"1,5mm",6mm,,,,,,Ø20,img/cdvufemea1.png,HASTE-20,,,,24mm,,M16x1 X 32mm,imgTubo/cdvu.png,CDVUTUBO-80,,,,,,,,,,,,,,,,,,,,,,,,,,,,,,,,,,
CDVU100-F,55mm,,,,,,,"M12x1,75 X ",24mm F,"M16x1,5 X 18mm",,,,,,img/cdvufemeapassante.png,img/cdvufemea1.png,"1,5mm",6mm,,,,,,Ø25,img/cdvufemea1.png,HASTE-25,,,,26mm,,M16x1 X 32mm,imgTubo/cdvu.png,CDVUTUBO-100,,,,,,,,,,,,,,,,,,,,,,,,,,,,,,,,,,
CDVU125-F,76mm,,,,,,,M16x2 X ,25mm F,"M20x1,5 X 19mm",,,,,,img/cdvufemeapassante.png,img/cdvufemea1.png,"2,5mm",9mm,,,,,,Ø32,img/cdvufemea1.png,HASTE-32,,,,41mm,,"M10x1,5 X 20mm",imgTubo/cdvu.png,CDVUTUBO-125,,,,,,,,,,,,,,,,,,,,,,,,,,,,,,,,,,
,,,,,,,,,,,,,,,,,,,,,,,,,,,,,,,,,,,,,,,,,,,,,,,,,,,,,,,,,,,,,,,,,,,,,
CDVU12-M,49mm,,,,,,,"M6x1,00 X ",16mm,"M5x0,8 X 11mm",,,,,,,img/cdvumacho1.png,"0,5mm",3mm,,,,,,Ø6,,HASTE-06,,,,"12,5mm",,M7x1 X 14mm,imgTubo/cdvu.png,CDVUTUBO-12/16,,,,,,,,,,,,,,,,,,,,,,,,,,,,,,,,,,
CDVU16-M,"52,5mm",,,,,,,"M8x1,25 X ",20mm,"M5x0,8X 11,5mm",,,,,,,img/cdvumacho1.png,"0,5mm","3,5mm",,,,,,Ø8,,HASTE-08,,,,"12,5mm",,M7x1 X 14mm,imgTubo/cdvu.png,CDVUTUBO-12/16,,,,,,,,,,,,,,,,,,,,,,,,,,,,,,,,,,
CDVU20-M,57mm,,,,,,,"M10x1,25 X ",22mm,"M6x1,00 X 12,5mm",,,,,,,img/cdvumacho1.png,"0,5mm","3,5mm",,,,,,Ø10,,HASTE-10,,,,14mm,,M8x1 X 16mm,imgTubo/cdvu.png,CDVUTUBO-20,,,,,,,,,,,,,,,,,,,,,,,,,,,,,,,,,,
CDVU25-M,58mm,,,,,,,"M10x1,25 X ",22mm,"M6x1,00 X 13,5mm",,,,,,,img/cdvumacho1.png,"0,5mm","4,5mm",,,,,,Ø10,,HASTE-10,,,,"14,5mm",,M8x1 X 16mm,imgTubo/cdvu.png,CDVUTUBO-25,,,,,,,,,,,,,,,,,,,,,,,,,,,,,,,,,,
CDVU32-M,60mm,,,,,,,"M10x1,25 X ",22mm,"M6x1,00 X 9mm",,,,,,,img/cdvumacho1.png,1mm,5mm,"5,5mm","11,7mm",,,,Ø12,,HASTE-12,,,,15mm,,M10x1 X 20mm,imgTubo/cdvu.png,CDVUTUBO-32,,,,,,,,,,,,,,,,,,,,,,,,,,,,,,,,,,
CDVU40-M,62mm,48mm,68mm,"M10x1,25 X ",22mm,,,"M10x1,25 X ",22mm,"M8x1,25 X 15mm","M8x1,25 X 18mm F","M8x1,25 X 18mm M",,,,img/haste-cpctsai1.png,img/cdvumacho1.png,1mm,5mm,"5,5mm","11,7mm",,,,Ø12,img/haste-cpctsaipassante.png,HASTE-12,,,,"16,5mm",,M10x1 X 20mm,imgTubo/cdvu.png,CDVUTUBO-40,,,,,,,,,,,,,,,,,,,,,,,,,,,,,,,,,,
CDVU50-M,"67,5mm",,,,,,,"M12x1,25 X ",24mm,"M10x1,25 X 17mm",,,,,,,img/cdvumacho1.png,"1,5mm",6mm,"6,5mm","15,5mm",,,,Ø16,,HASTE-16,,,,15mm,,M12x1 X 24mm,imgTubo/cdvu.png,CDVUTUBO-50,,,,,,,,,,,,,,,,,,,,,,,,,,,,,,,,,,
CDVU63-M,"72,5mm",,,,,,,"M12x1,25 X ",24mm,"M10x1,25 X 19mm",,,,,,,img/cdvumacho1.png,"1,5mm",6mm,"6,5mm","15,5mm",,,,Ø16,,HASTE-16,,,,21mm,,M16x1 X 32mm,imgTubo/cdvu.png,CDVUTUBO-63,,,,,,,,,,,,,,,,,,,,,,,,,,,,,,,,,,
CDVU80-M,81mm,,,,,,,"M16x1,5 X ",32mm,"M12x1,25 X 18mm",,,,,,,img/cdvumacho1.png,"1,5mm",6mm,"6,5mm","19,5mm",,,,Ø20,,HASTE-20,,,,24mm,,M16x1 X 32mm,imgTubo/cdvu.png,CDVUTUBO-80,,,,,,,,,,,,,,,,,,,,,,,,,,,,,,,,,,
CDVU100-M,95mm,,,,,,,"M20x1,5 X ",40mm,"M16x1,5 X 18mm",,,,,,,img/cdvumacho1.png,"1,5mm",6mm,"6,5mm","24,5mm",,,,Ø25,,HASTE-25,,,,26mm,,M16x1 X 32mm,imgTubo/cdvu.png,CDVUTUBO-100,,,,,,,,,,,,,,,,,,,,,,,,,,,,,,,,,,
CDVU125-M,130mm,,,,,,,M27x2 X ,54mm,"M20x1,5 X 19mm",,,,,,,img/cdvumacho1.png,"2,5mm",9mm,"9,5mm",31mm,,,,Ø32,,HASTE-32,,,,41mm,,"M10x1,5 X 20mm",imgTubo/cdvu.png,CDVUTUBO-125,,,,,,,,,,,,,,,,,,,,,,,,,,,,,,,,,,
,,,,,,,,,,,,,,,,,,,,,,,,,,,,,,,,,,,,,,,,,,,,,,,,,,,,,,,,,,,,,,,,,,,,,
CDVUL12,"33,5mm",,,,,,,"M3x0,5 X ",8mm F,"M5x0,8 X 11,5mm",,,,,,,img/cdvul.png,"0,5mm",3mm,,,,,,Ø6,,HASTE-06,,,,13mm,,M7x1 X 14mm,imgTubo/cdvu.png,CDVUTUBO-12/16,Ø5,HASTE-05,22mm,"M4x0,7 X 10mm",imgGuia/cdvul.png,,,,,,,,,,,,,,,,,,,,,,,,,,,,,
CDVUL16,"33,5mm",,,,,,,"M4x0,7 X ",10mm F,"M5x0,8 X 11,5mm",,,,,,,img/cdvul.png,"0,5mm","3,5mm",,,,,,Ø8,,HASTE-08,,,,"12,5mm",,M7x1 X 14mm,imgTubo/cdvu.png,CDVUTUBO-12/16,Ø5,HASTE-05,23mm,"M4x0,7 X 12mm",imgGuia/cdvul.png,,,,,,,,,,,,,,,,,,,,,,,,,,,,,
CDVUL20,31mm,,,,,,,"M5x0,8 X ",12mm F,"M6x1,00 X 12,5mm",,,,,,,img/cdvul.png,"0,5mm","3,5mm",,,,,,Ø10,,HASTE-10,,,,"12,5mm",,M8x1 X 16mm,imgTubo/cdvu.png,CDVUTUBO-20,Ø6,HASTE-06,24mm,"M4x0,7 X 12mm",imgGuia/cdvul.png,,,,,,,,,,,,,,,,,,,,,,,,,,,,,
CDVUL25,37mm,,,,,,,"M5x0,8 X ",12mm F,"M6x1,00 X 13,5mm",,,,,,,img/cdvul.png,"0,5mm","4,5mm",,,,,,Ø10,,HASTE-10,,,,"14,5mm",,M8x1 X 16mm,imgTubo/cdvu.png,CDVUTUBO-25,Ø5,HASTE-05,26mm,"M4x0,7 X 12mm",imgGuia/cdvul.png,,,,,,,,,,,,,,,,,,,,,,,,,,,,,
CDVUL32,"39,5mm",,,,,,,M6x1 X ,14mm F,"M8x1,25 X 14,5mm",,,,,,,img/cdvul.png,1mm,5mm,,,,,,Ø12,,HASTE-12,,,,15mm,,M10x1 X 20mm,imgTubo/cdvu.png,CDVUTUBO-32,Ø6,HASTE-06,29mm,"M4x0,7 X 12mm",imgGuia/cdvul.png,,,,,,,,,,,,,,,,,,,,,,,,,,,,,
CDVUL40,42mm,,,,,,,M6x1 X ,12mm F,"M8x1,25 X 15,5mm",,,,,,,img/cdvul.png,1mm,5mm,,,,,,Ø12,,HASTE-12,,,,15mm,,M10x1 X 20mm,imgTubo/cdvu.png,CDVUTUBO-40,Ø6,HASTE-06,30mm,"M4x0,7 X 12mm",imgGuia/cdvul.png,,,,,,,,,,,,,,,,,,,,,,,,,,,,,
CDVUL50,40mm,,,,,,,"M8x1,25 X ",16mm F,"M10x1,25 X 17mm",,,,,,,img/cdvul.png,"1,5mm",6mm,,,,,,Ø16,,HASTE-16,,,,"16,5mm",,M12x1 X 24mm,imgTubo/cdvu.png,CDVUTUBO-50,Ø8,HASTE-08,31mm,M6x1 X 18mm,imgGuia/cdvul.png,,,,,,,,,,,,,,,,,,,,,,,,,,,,,
CDVUL63,48mm,,,,,,,"M8x1,25 X ",16mm F,"M10x1,25 X 19mm",,,,,,,img/cdvul.png,"1,5mm",6mm,,,,,,Ø16,,HASTE-16,,,,"20,5mm",,M16x1 X 32mm,imgTubo/cdvu.png,CDVUTUBO-63,Ø10,HASTE-10,31mm,M6x1 X 18mm,imgGuia/cdvul.png,,,,,,,,,,,,,,,,,,,,,,,,,,,,,
CDVUL80,53mm,,,,,,,"M10x1,5 X ",20mm F,"M12x1,25 X 21,5mm",,,,,,,img/cdvul.png,"1,5mm",6mm,,,,,,Ø20,,HASTE-20,,,,24mm,,M16x1 X 32mm,imgTubo/cdvu.png,CDVUTUBO-80,Ø10,HASTE-10,37mm,M6x1 X 18mm,imgGuia/cdvul.png,,,,,,,,,,,,,,,,,,,,,,,,,,,,,
CDVUL100,56mm,,,,,,,"M12x1,75 X ",24mm F,"M16x1,5 X 19,5mm",,,,,,,img/cdvul.png,"1,5mm",6mm,,,,,,Ø25,,HASTE-25,,,,"26,5mm",,M16x1 X 32mm,imgTubo/cdvu.png,CDVUTUBO-100,Ø10,HASTE-10,44mm,M6x1 X 18mm,imgGuia/cdvul.png,,,,,,,,,,,,,,,,,,,,,,,,,,,,,
,,,,,,,,,,,,,,,,,,,,,,,,,,,,,,,,,,,,,,,,,,,,,,,,,,,,,,,,,,,,,,,,,,,,,
CPB32,81mm,,120mm,,,8mm,"11,5mm","M10x1,25 X ",22mm,M6x1 X 15mm,,M6x1 X38mm,,,,,img/haste-cpctsai1.png,1mm,7mm,8mm,"11,5mm",,,,Ø12,imgHastePassante/cpmeMachoMacho.png,HASTE-12,,,,38mm,,M6x1 X 22mm,imgTubo/cpb.png,CPBTUBO-32,,,,,,,,,,,,,,,,,,,,,,,,,,,,,,,,,,
CPB40,83mm,,123mm,,,8mm,15mm,"M12x1,25 X ",24mm,"M8x1,25 X 25mm",,"M8x1,25 X 40mm",,,,,img/haste-cpctsai1.png,"1,5mm",7mm,8mm,15mm,,,,Ø16,imgHastePassante/cpmeMachoMacho.png,HASTE-16,,,,38mm,,M6x1 X 22mm,imgTubo/cpb.png,CPBTUBO-40,,,,,,,,,,,,,,,,,,,,,,,,,,,,,,,,,,
CPB50,91mm,,136mm,,,8mm,19mm,"M16x1,5 X ",32mm,"M10x1,5 X 25mm",,"M10x1,5 X 45mm",,,,,img/haste-cpctsai1.png,"1,5mm",7mm,8mm,19mm,,,,Ø20,imgHastePassante/cpmeMachoMacho.png,HASTE-20,,,,"38,5mm",,M6x1 X 22mm,imgTubo/cpb.png,CPBTUBO-50,,,,,,,,,,,,,,,,,,,,,,,,,,,,,,,,,,
CPB63,91mm,,139mm,,,8mm,19mm,"M16x1,5 X ",32mm,"M10x1,5 X 25mm",,"M10x1,5 X 48mm",,,,,img/haste-cpctsai1.png,"1,5mm",7mm,8mm,19mm,,,,Ø20,imgHastePassante/cpmeMachoMacho.png,HASTE-20,,,,40mm,,"M8x1,25 X 24mm",imgTubo/cpb.png,CPBTUBO-63,,,,,,,,,,,,,,,,,,,,,,,,,,,,,,,,,,
CPB80,"114,5mm",,168mm,,,8mm,24mm,"M20x1,5 X ",40mm,"M12x1,75 X 30mm",,"M12x1,75 X 55mm",,,,,img/haste-cpctsai1.png,"1,5mm",7mm,8mm,24mm,,,,Ø25,imgHastePassante/cpmeMachoMacho.png,HASTE-25,,,,42mm,,"M10x1,5 X 26mm",imgTubo/cpb.png,CPBTUBO-80,,,,,,,,,,,,,,,,,,,,,,,,,,,,,,,,,,
CPB100,"114,5mm",,"169,5mm",,,8mm,24mm,"M20x1,5 X ",40mm,"M12x1,75 X 30mm",,"M12x1,75 X 55mm",,,,,img/haste-cpctsai1.png,"1,5mm",7mm,8mm,24mm,,,,Ø25,imgHastePassante/cpmeMachoMacho.png,HASTE-25,,,,48mm,,"M10x1,5 X 26mm",imgTubo/cpb.png,CPBTUBO-100,,,,,,,,,,,,,,,,,,,,,,,,,,,,,,,,,,
CPB125,152mm,,217mm,,,13mm,31mm,M27x2 X ,54mm,M14x2 X 45mm,,M14x2 X 65mm,,,,,img/haste-cpctsai1.png,2mm,12mm,13mm,31mm,,,,Ø32,imgHastePassante/cpmeMachoMacho.png,HASTE-32,,,,65mm,,NÃO FAZER,imgTubo/cpb.png,CPBTUBO-125,,,,,,Ø12,HASTE-12,111mm,"M12x1,75 X 12mm","M12x1,75 X 12mm",imgTirante/tirante-ctb.png,,,,,,,,,,,,,,,,,,,,,,,
,,,,,,,,,,,,,,,,,,,,,,,,,,,,,,,,,,,,,,,,,,,,,,,,,,,,,,,,,,,,,,,,,,,,,
CPME32,83mm,,122mm,,,8mm,"11,5mm","M10x1,25 X ",22mm,M6x1 X 15mm,,M6x1 X 30mm,,,,,img/haste-cpctsai1.png,1mm,7mm,8mm,"11,5mm",,,,Ø12,imgHastePassante/cpmeMachoMacho.png,HASTE-12,,,,"43,5mm",,M6x1 X 22mm,imgTubo/cpn-cpme.png,CPTUBO-32,,,,,,,,,,,,,,,,,,,,,,,,,,,,,,,,,,
CPME40,93mm,,133mm,,,8mm,15mm,"M12x1,25 X ",24mm,"M8x1,25 X 24mm",,"M8x1,25 X 40mm",,,,,img/haste-cpctsai1.png,"1,5mm",7mm,8mm,15mm,,,,Ø16,imgHastePassante/cpmeMachoMacho.png,HASTE-16,,,,"45,5mm",,M6x1 X 22mm,imgTubo/cpn-cpme.png,CPTUBO-40,,,,,,,,,,,,,,,,,,,,,,,,,,,,,,,,,,
CPME50,110mm,,155mm,,,8mm,19mm,"M16x1,5 X ",32mm,"M10x1,5 X 25mm",,"M10x1,5 X 45mm",,,,,img/haste-cpctsai1.png,"1,5mm",7mm,8mm,19mm,,,,Ø20,imgHastePassante/cpmeMachoMacho.png,HASTE-20,,,,"45,5mm",,"M8x1,25 X 24mm",imgTubo/cpn-cpme.png,CPTUBO-50,,,,,,,,,,,,,,,,,,,,,,,,,,,,,,,,,,
CPME63,113mm,,163mm,,,8mm,19mm,"M16x1,5 X ",32mm,"M10x1,5 X25mm",,"M10x1,5 X 50mm",,,,,img/haste-cpctsai1.png,"1,5mm",7mm,8mm,19mm,,,,Ø20,imgHastePassante/cpmeMachoMacho.png,HASTE-20,,,,"48,5mm",,"M8x1,25 X 24mm",imgTubo/cpn-cpme.png,CPTUBO-63,,,,,,,,,,,,,,,,,,,,,,,,,,,,,,,,,,
CPME80,135mm,,187mm,,,8mm,24mm,"M20x1,5 X ",40mm,"M12x1,75 X 30mm",,"M12x1,75 X 52mm",,,,,img/haste-cpctsai1.png,"1,5mm",7mm,8mm,24mm,,,,Ø25,imgHastePassante/cpmeMachoMacho.png,HASTE-25,,,,54mm,,"M10x1,5 X 26mm",imgTubo/cpn-cpme.png,CPTUBO-80,,,,,,,,,,,,,,,,,,,,,,,,,,,,,,,,,,
CPME100,139mm,,199mm,,,8mm,24mm,"M20x1,5 X ",40mm,"M12x1,75 X 30mm",,"M12x1,75 X 60mm",,,,,img/haste-cpctsai1.png,"1,5mm",7mm,8mm,24mm,,,,Ø25,imgHastePassante/cpmeMachoMacho.png,HASTE-25,,,,59mm,,"M10x1,5 X 26mm",imgTubo/cpn-cpme.png,CPTUBO-100,,,,,,,,,,,,,,,,,,,,,,,,,,,,,,,,,,
CPME125,186mm,, 251mm,,,13mm,31mm,M27x2 X ,54mm,"M12x1,75 X 30mm",,M14x2 X 65mm,,,,,img/haste-cpctsai1.png,2mm,12mm,13mm,31mm,,,,Ø32,imgHastePassante/cpmeMachoMacho.png,HASTE-32,,,,68mm,,"M12x1,75 X 30mm",imgTubo/cpn-cpme.png,CPTUBO-125,,,,,,,,,,,,,,,,,,,,,,,,,,,,,,,,,,
,,,,,,,,,,,,,,,,,,,,,,,,,,,,,,,,,,,,,,,,,,,,,,,,,,,,,,,,,,,,,,,,,,,,,
CPN32,81mm,,119mm,,,8mm,"11,5mm","M10x1,25 X ",22mm,M6x1 X 15mm,,M6x1 X 38mm,,,,,img/haste-cpctsai1.png,1mm,7mm,8mm,"11,5mm",,,,Ø12,imgHastePassante/cpmeMachoMacho.png,HASTE-12,,,,42mm,,M6x1 X 22mm,imgTubo/cpn-cpme.png,CPTUBO-32,,,,,,,,,,,,,,,,,,,,,,,,,,,,,,,,,,
CPN40,91mm,,"131,5mm",,,8mm,15mm,"M12x1,25 X ",24mm,"M8x1,25 X 22mm",,"M8x1,25 X 40mm",,,,,img/haste-cpctsai1.png,"1,5mm",7mm,8mm,15mm,,,,Ø16,imgHastePassante/cpmeMachoMacho.png,HASTE-16,,,,47mm,,M6x1 X 22mm,imgTubo/cpn-cpme.png,CPTUBO-40,,,,,,,,,,,,,,,,,,,,,,,,,,,,,,,,,,
CPN50,106mm,,154mm,,,8mm,19mm,"M16x1,5 X ",32mm,"M10x1,5 X 25mm",,"M10x1,5 X 45mm",,,,,img/haste-cpctsai1.png,"1,5mm",7mm,8mm,19mm,,,,Ø20,imgHastePassante/cpmeMachoMacho.png,HASTE-20,,,,47mm,,"M8x1,25 X 24mm",imgTubo/cpn-cpme.png,CPTUBO-50,,,,,,,,,,,,,,,,,,,,,,,,,,,,,,,,,,
CPN63,"111,5mm",,159mm,,,8mm,19mm,"M16x1,5 X ",32mm,"M10x1,5 X 25mm",,"M10x1,5 X 50mm",,,,,img/haste-cpctsai1.png,"1,5mm",7mm,8mm,19mm,,,,Ø20,imgHastePassante/cpmeMachoMacho.png,HASTE-20,,,,55mm,,"M8x1,25 X 24mm",imgTubo/cpn-cpme.png,CPTUBO-63,,,,,,,,,,,,,,,,,,,,,,,,,,,,,,,,,,
CPN80,"134,5mm",,"196,5mm",,,8mm,24mm,"M20x1,5 X ",40mm,"M12x1,75 X 30mm",,"M12x1,75 X 52mm",,,,,img/haste-cpctsai1.png,"1,5mm",7mm,8mm,24mm,,,,Ø25,imgHastePassante/cpmeMachoMacho.png,HASTE-25,,,,"59,5mm",,"M10x1,5 X 26mm",imgTubo/cpn-cpme.png,CPTUBO-80,,,,,,,,,,,,,,,,,,,,,,,,,,,,,,,,,,
CPN100,142mm,,206mm,,,8mm,24mm,"M20x1,5 X ",40mm,"M12x1,75 X 30mm",,"M12x1,75 X 60mm",,,,,img/haste-cpctsai1.png,"1,5mm",7mm,8mm,24mm,,,,Ø25,imgHastePassante/cpmeMachoMacho.png,HASTE-25,,,,62mm,,"M10x1,5 X 26mm",imgTubo/cpn-cpme.png,CPTUBO-100,,,,,,,,,,,,,,,,,,,,,,,,,,,,,,,,,,
CPN125,193mm,,,,,13mm,31mm,M27x2 X ,54mm,M14x2 X 45mm,,M14x2 X 65mm,,,,,img/haste-cpctsai1.png,2mm,12mm,13mm,31mm,,,,Ø32,imgHastePassante/cpmeMachoMacho.png,HASTE-32,,,,65mm,,"M12x1,75 X 30mm",imgTubo/cpn-cpme.png,CPTUBO-125,,,,,,,,,,,,,,,,,,,,,,,,,,,,,,,,,,
,,,,,,,,,,,,,,,,,,,,,,,,,,,,,,,,,,,,,,,,,,,,,,,,,,,,,,,,,,,,,,,,,,,,,
CSM10,57mm,50mm,"59,5mm","M4x0,7 x ",12mm,,,"M4x0,7 X ",12mm,"M3x0,5 X 10mm","M3x0,5 X 6,50mm","M3x0,5 X 12mm",,,,img/csm3.png,img/csm10-16.png,,,,,,,,Ø4,imgHastePassante/cpmeMachoMacho.png,HASTE-04,,,,26mm,,,imgTubo/mi-csm-ct.png,CSMTUBO-10,,,,,,,,,,,,,,,,,,,,,,,,,,,,,,,,,,
CSM12,72mm,,,M6x1 X ,16mm,,,M6x1 X ,16mm,"M4x0,7 X 10mm","M4x0,7 X 12mm","M4x0,7 X 15mm",,,,img/csm3.png,img/csm10-16.png,"0,5mm",4mm,,,,,,Ø6,imgHastePassante/cpmeMachoMacho.png,HASTE-06,,,,30mm,,,imgTubo/mi-csm-ct.png,CSMTUBO-12,,,,,,,,,,,,,,,,,,,,,,,,,,,,,,,,,,
CSM16,"82,5mm","56,5mm","84,5mm",M6x1 X ,16mm,,,M6x1 X ,16mm,"M5x0,8 X 15,5mm","M4x0,7 X 12mm","M4x0,7 X 21mm",,,,img/csm3.png,img/csm10-16.png,"0,5mm",4mm,,,,,,Ø6,imgHastePassante/cpmeMachoMacho.png,HASTE-06,,,,34mm,,,imgTubo/mi-csm-ct.png,CSMTUBO-16,,,,,,,,,,,,,,,,,,,,,,,,,,,,,,,,,,
CSM20,75mm,"75,5mm","86,5mm","M8x1,25 X ",20mm,,,"M8x1,25 X ",20mm,"M5x0,8 X 15mm",M6x1 X 12mm,M6x1 X 18mm,,,,img/csm3.png,img/csm20-25.png,1mm,4mm,,,,,,Ø8,imgHastePassante/cpmeMachoMacho.png,HASTE-08,,,,36mm,,,imgTubo/mi-csm-ct.png,CSMTUBO-20,,,,,,,,,,,,,,,,,,,,,,,,,,,,,,,,,,
CSM25,79mm,80mm,107mm,"M10x1,25 X ",22mm,,,"M10x1,25 X ",22mm,M6x1 X 25mm,M6x1 X 12mm,M6x1 X 27mm,,,,img/csm3.png,img/csm20-25.png,1mm,5mm,,,,,,Ø10,imgHastePassante/cpmeMachoMacho.png,HASTE-10,,,,"37,5mm",,,imgTubo/mi-csm-ct.png,CSMTUBO-25,,,,,,,,,,,,,,,,,,,,,,,,,,,,,,,,,,
,,,,,,,,,,,,,,,,,,,,,,,,,,,,,,,,,,,,,,,,,,,,,,,,,,,,,,,,,,,,,,,,,,,,,
CSM16-C,"76,5mm",,"84,5mm",,,,,M6x1 X ,16mm,"M4x0,7 X 10mm",,"M4x0,7 X 21mm",,,,,img/csm10-16.png,"0,5mm",4mm,,,,,,Ø6,imgHastePassante/cpmeMachoMacho.png,HASTE-06,,,,,,,imgTubo/mi-csm-ct.png,CSMTUBO-16,,,,,,,,,,,,,,,,,,,,,,,,,,,,,,,,,,
CSM20-C,75mm,,"87,5mm",,,,,"M8x1,25 X ",20mm,"M5x0,8 X 15mm",,M6x1 X 18mm,,,,,img/csm20-25.png,1mm,4mm,,,,,,Ø8,imgHastePassante/cpmeMachoMacho.png,HASTE-08,,,,35mm,,,imgTubo/mi-csm-ct.png,CSMTUBO-20,,,,,,,,,,,,,,,,,,,,,,,,,,,,,,,,,,
CSM25-C,79mm,,107mm,,,,,"M10x1,25 X ",22mm,M6x1 X 25mm,,M6x1 X 27mm,,,,,img/csm20-25.png,1mm,5mm,,,,,,Ø10,imgHastePassante/cpmeMachoMacho.png,HASTE-10,,,,"37,5mm",,,imgTubo/mi-csm-ct.png,CSMTUBO-25,,,,,,,,,,,,,,,,,,,,,,,,,,,,,,,,,,
,,,,,,,,,,,,,,,,,,,,,,,,,,,,,,,,,,,,,,,,,,,,,,,,,,,,,,,,,,,,,,,,,,,,,
CSM10A,57mm,,,,,,,"M4x0,7 X ",12mm,"M3x0,5 X 10mm",,,,,,,img/csm10-16.png,,,,,,,,Ø4,,HASTE-04,,,,26mm,,,imgTubo/mi-csm-ct.png,CSMTUBO-10,,,,,,,,,,,,,,,,,,,,,,,,,,,,,,,,,,
CSM12A,72mm,,,,,,,M6x1 X ,16mm,"M4x0,7 X 10mm",,,,,,,img/csm10-16.png,"0,5mm",4mm,,,,,,Ø6,,HASTE-06,,,,30mm,,,imgTubo/mi-csm-ct.png,CSMTUBO-12,,,,,,,,,,,,,,,,,,,,,,,,,,,,,,,,,,
CSM16A,"82,5mm",,,,,,,M6x1 X ,16mm,"M5x0,8 X 15,5mm",,,,,,,img/csm10-16.png,"0,5mm",4mm,,,,,,Ø6,,HASTE-06,,,,34mm,,,imgTubo/mi-csm-ct.png,CSMTUBO-16,,,,,,,,,,,,,,,,,,,,,,,,,,,,,,,,,,
CSM20A,75mm,,,,,,,"M8x1,25 X ",20mm,"M5x0,8 X 15mm",,,,,,,img/csm20-25.png,1mm,4mm,,,,,,Ø8,,HASTE-08,,,,35mm,,,imgTubo/mi-csm-ct.png,CSMTUBO-20,,,,,,,,,,,,,,,,,,,,,,,,,,,,,,,,,,
CSM25A,79mm,,,,,,,"M10x1,25 X ",22mm,M6x1 X 25mm,,,,,,,img/csm20-25.png,1mm,5mm,,,,,,Ø10,,HASTE-10,,,,"37,5mm",,,imgTubo/mi-csm-ct.png,CSMTUBO-25,,,,,,,,,,,,,,,,,,,,,,,,,,,,,,,,,,
,,,,,,,,,,,,,,,,,,,,,,,,,,,,,,,,,,,,,,,,,,,,,,,,,,,,,,,,,,,,,,,,,,,,,
CSM10F,57mm,,,,,,,"M4x0,7 X ",12mm,"M3x0,5 X 10mm",,,,,,,img/csm10-16.png,,,,,,,,Ø4,,HASTE-04,,,,26mm,,,imgTubo/mi-csm-ct.png,CSMTUBO-10,,,,,,,,,,,,,,,,,,,,,,,,,,,,,,,,,,
CSM12F,72mm,,,,,,,M6x1 X ,16mm,"M4x0,7 X 10mm",,,,,,,img/csm10-16.png,"0,5mm",4mm,,,,,,Ø6,,HASTE-06,,,,30mm,,,imgTubo/mi-csm-ct.png,CSMTUBO-12,,,,,,,,,,,,,,,,,,,,,,,,,,,,,,,,,,
CSM16F,"82,5mm",,,,,,,M6x1 X ,16mm,"M5x0,8 X 15,5mm",,,,,,,img/csm10-16.png,"0,5mm",4mm,,,,,,Ø6,,HASTE-06,,,,34mm,,,imgTubo/mi-csm-ct.png,CSMTUBO-16,,,,,,,,,,,,,,,,,,,,,,,,,,,,,,,,,,
CSM20F,75mm,,,,,,,"M8x1,25 X ",20mm,"M5x0,8 X 15mm",,,,,,,img/csm20-25.png,1mm,4mm,,,,,,Ø8,,HASTE-08,,,,35mm,,,imgTubo/mi-csm-ct.png,CSMTUBO-20,,,,,,,,,,,,,,,,,,,,,,,,,,,,,,,,,,
CSM25F,79mm,,,,,,,"M10x1,25 X ",22mm,M6x1 X 25mm,,,,,,,img/csm20-25.png,1mm,5mm,,,,,,Ø10,,HASTE-10,,,,"37,5mm",,,imgTubo/mi-csm-ct.png,CSMTUBO-25,,,,,,,,,,,,,,,,,,,,,,,,,,,,,,,,,,
,,,,,,,,,,,,,,,,,,,,,,,,,,,,,,,,,,,,,,,,,,,,,,,,,,,,,,,,,,,,,,,,,,,,,
CSM10R,57mm,,,,,,,"M4x0,7 X ",12mm,"M3x0,5 X 10mm",,,,,,,img/csm10-16.png,,,,,,,,Ø4,,HASTE-04,,,,26mm,,,imgTubo/mi-csm-ct.png,CSMTUBO-10,,,,,,,,,,,,,,,,,,,,,,,,,,,,,,,,,,
CSM12R,72mm,,,,,,,M6x1 X ,16mm,"M4x0,7 X 10mm",,,,,,,img/csm10-16.png,"0,5mm",4mm,,,,,,Ø6,,HASTE-06,,,,30mm,,,imgTubo/mi-csm-ct.png,CSMTUBO-12,,,,,,,,,,,,,,,,,,,,,,,,,,,,,,,,,,
CSM16R,"82,5mm",,,,,,,M6x1 X ,16mm,"M5x0,8 X 15,5mm",,,,,,,img/csm10-16.png,"0,5mm",4mm,,,,,,Ø6,,HASTE-06,,,,34mm,,,imgTubo/mi-csm-ct.png,CSMTUBO-16,,,,,,,,,,,,,,,,,,,,,,,,,,,,,,,,,,
CSM20R,75mm,,,,,,,"M8x1,25 X ",20mm,"M5x0,8 X 15mm",,,,,,,img/csm20-25.png,1mm,4mm,,,,,,Ø8,,HASTE-08,,,,35mm,,,imgTubo/mi-csm-ct.png,CSMTUBO-20,,,,,,,,,,,,,,,,,,,,,,,,,,,,,,,,,,
CSM25R,79mm,,,,,,,"M10x1,25 X ",22mm,M6x1 X 25mm,,,,,,,img/csm20-25.png,1mm,5mm,,,,,,Ø10,,HASTE-10,,,,"37,5mm",,,imgTubo/mi-csm-ct.png,CSMTUBO-25,,,,,,,,,,,,,,,,,,,,,,,,,,,,,,,,,,
,,,,,,,,,,,,,,,,,,,,,,,,,,,,,,,,,,,,,,,,,,,,,,,,,,,,,,,,,,,,,,,,,,,,,
CSM16F-C,"82,5mm",,,,,,,M6x1 X ,16mm,"M5x0,8 X 15,5mm",,,,,,,img/csm10-16.png,"0,5mm",4mm,,,,,,Ø6,,HASTE-06,,,,34mm,,,imgTubo/mi-csm-ct.png,CSMTUBO-16,,,,,,,,,,,,,,,,,,,,,,,,,,,,,,,,,,
CSM20F-C,74mm,,,,,,,"M8x1,25 X ",20mm,"M5x0,8 X 15mm",,,,,,,img/csm20-25.png,1mm,4mm,,,,,,Ø8,,HASTE-08,,,,35mm,,,imgTubo/mi-csm-ct.png,CSMTUBO-20,,,,,,,,,,,,,,,,,,,,,,,,,,,,,,,,,,
CSM25F-C,79mm,,,,,,,"M10x1,25 X ",22mm,M6x1 X 25mm,,,,,,,img/csm20-25.png,1mm,5mm,,,,,,Ø10,,HASTE-10,,,,"37,5mm",,,imgTubo/mi-csm-ct.png,CSMTUBO-25,,,,,,,,,,,,,,,,,,,,,,,,,,,,,,,,,,
,,,,,,,,,,,,,,,,,,,,,,,,,,,,,,,,,,,,,,,,,,,,,,,,,,,,,,,,,,,,,,,,,,,,,
CSM2B20,82mm,,,,,,,"M8x1,25 X ",18mm,M6x1 X 12mm,,,,,,,img/csm2.png,1mm,4mm,,,,,,Ø8,,HASTE-08,,,,28mm,,,imgTubo/mi-csm-ct.png,CSMTUBO-20,,,,,,,,,,,,,,,,,,,,,,,,,,,,,,,,,,
CSM2B25,90mm,,86mm,,,,,"M10x1,25 X ",22mm,M8 X 13mm,,M6x1 X 22mm,,,,,img/csm2.png,1mm,5mm,,,,,,Ø10,,HASTE-10,,,,33mm,,,imgTubo/mi-csm-ct.png,CSMTUBO-25,,,,,,,,,,,,,,,,,,,,,,,,,,,,,,,,,,
CSM2B32,89mm,,90mm,,,,,"M10x1,25 X ",22mm,"M8x1,25 X 13mm",,"M8x1,25 X 21mm",,,,,img/csm2.png,1mm,6mm,"6,5mm","11,5mm",,,,Ø12,,HASTE-12,,,,30mm,,,imgTubo/mi-csm-ct.png,CSMTUBO-32,,,,,,,,,,,,,,,,,,,,,,,,,,,,,,,,,,
CSM2B40,106mm,,"107,5mm",,,,,"M14x1,5 X ",24mm,"M10x1,25 X 17mm",,"M10x1,25 X 27mm",,,,,img/csm2.png,"1,5mm",6mm,"6,5mm","15,5mm",,,,Ø16,,HASTE-16,,,,41mm,,,imgTubo/mi-csm-ct.png,CSMTUBO-40,,,,,,,,,,,,,,,,,,,,,,,,,,,,,,,,,,
,,,,,,,,,,,,,,,,,,,,,,,,,,,,,,,,,,,,,,,,,,,,,,,,,,,,,,,,,,,,,,,,,,,,,
CSM2B20A,82mm,,,,,,,"M8x1,25 X ",18mm,M6x1 X 12mm,,,,,,,img/csm2.png,1mm,4mm,,,,,,Ø8,,HASTE-08,,,,28mm,,,imgTubo/mi-csm-ct.png,CSMTUBO-20,,,,,,,,,,,,,,,,,,,,,,,,,,,,,,,,,,
CSM2B25A,90mm,,,,,,,"M10x1,25 X ",22mm,M8 X 13mm,,M6x1 X 22mm,,,,,img/csm2.png,1mm,5mm,,,,,,Ø10,,HASTE-10,,,,30mm,,,imgTubo/mi-csm-ct.png,CSMTUBO-25,,,,,,,,,,,,,,,,,,,,,,,,,,,,,,,,,,
CSM2B32A,89mm,,,,,,,"M10x1,25 X ",22mm,"M8x1,25 X 13mm",,"M8x1,25 X 21mm",,,,,img/csm2.png,1mm,6mm,"6,5mm","11,5mm",,,,Ø12,,HASTE-12,,,,30mm,,,imgTubo/mi-csm-ct.png,CSMTUBO-32,,,,,,,,,,,,,,,,,,,,,,,,,,,,,,,,,,
CSM2B40A,106mm,,,,,,,"M14x1,5 X ",24mm,"M10x1,25 X 17mm",,"M10x1,25 X 27mm",,,,,img/csm2.png,"1,5mm",6mm,"6,5mm","15,5mm",,,,Ø16,,HASTE-16,,,,41mm,,,imgTubo/mi-csm-ct.png,CSMTUBO-40,,,,,,,,,,,,,,,,,,,,,,,,,,,,,,,,,,
,,,,,,,,,,,,,,,,,,,,,,,,,,,,,,,,,,,,,,,,,,,,,,,,,,,,,,,,,,,,,,,,,,,,,
CSM2B20F,82mm,,,,,,,"M8x1,25 X ",18mm,M6x1 X 12mm,,,,,,,img/csm2.png,1mm,4mm,"4,5mm","7,7mm",,,,Ø8,,HASTE-08,,,,28mm,,,imgTubo/mi-csm-ct.png,CSMTUBO-20,,,,,,,,,,,,,,,,,,,,,,,,,,,,,,,,,,
CSM2B25F,90mm,,86mm,,,,,"M10x1,25 X ",22mm,M8 X 13mm,,M6x1 X 22mm,,,,,img/csm2.png,1mm,5mm,"5,5mm","9,7mm",,,,Ø10,,HASTE-10,,,,30mm,,,imgTubo/mi-csm-ct.png,CSMTUBO-25,,,,,,,,,,,,,,,,,,,,,,,,,,,,,,,,,,
CSM2B32F,89mm,,90mm,,,,,"M10x1,25 X ",22mm,"M8x1,25 X 13mm",,"M8x1,25 X 21mm",,,,,img/csm2.png,1mm,6mm,"6,5mm","11,5mm",,,,Ø12,,HASTE-12,,,,30mm,,,imgTubo/mi-csm-ct.png,CSMTUBO-32,,,,,,,,,,,,,,,,,,,,,,,,,,,,,,,,,,
CSM2B40F,106mm,,"107,5mm",,,,,"M14x1,5 X ",24mm,"M10x1,25 X 17mm",,"M10x1,25 X 27mm",,,,,img/csm2.png,"1,5mm",6mm,"6,5mm","15,5mm",,,,Ø16,,HASTE-16,,,,41mm,,,imgTubo/mi-csm-ct.png,CSMTUBO-40,,,,,,,,,,,,,,,,,,,,,,,,,,,,,,,,,,
,,,,,,,,,,,,,,,,,,,,,,,,,,,,,,,,,,,,,,,,,,,,,,,,,,,,,,,,,,,,,,,,,,,,,
CSM2B20R,82mm,,,,,,,"M8x1,25 X ",18mm,M6x1 X 12mm,,,,,,,img/csm2.png,1mm,4mm,"4,5mm","7,7mm",,,,Ø8,,HASTE-08,,,,28mm,,,imgTubo/mi-csm-ct.png,CSMTUBO-20,,,,,,,,,,,,,,,,,,,,,,,,,,,,,,,,,,
CSM2B25R,90mm,,,,,,,"M10x1,25 X ",22mm,M8 X 13mm,,M6x1 X 22mm,,,,,img/csm2.png,1mm,5mm,"5,5mm","9,7mm",,,,Ø10,,HASTE-10,,,,30mm,,,imgTubo/mi-csm-ct.png,CSMTUBO-25,,,,,,,,,,,,,,,,,,,,,,,,,,,,,,,,,,
CSM2B32R,89mm,,,,,,,"M10x1,25 X ",22mm,"M8x1,25 X 13mm",,"M8x1,25 X 21mm",,,,,img/csm2.png,1mm,6mm,"6,5mm","11,5mm",,,,Ø12,,HASTE-12,,,,30mm,,,imgTubo/mi-csm-ct.png,CSMTUBO-32,,,,,,,,,,,,,,,,,,,,,,,,,,,,,,,,,,
CSM2B40R,106mm,,,,,,,"M14x1,5 X ",24mm,"M10x1,25 X 17mm",,"M10x1,25 X 27mm",,,,,img/csm2.png,"1,5mm",6mm,"6,5mm","15,5mm",,,,Ø16,,HASTE-16,,,,41mm,,,imgTubo/mi-csm-ct.png,CSMTUBO-40,,,,,,,,,,,,,,,,,,,,,,,,,,,,,,,,,,
,,,,,,,,,,,,,,,,,,,,,,,,,,,,,,,,,,,,,,,,,,,,,,,,,,,,,,,,,,,,,,,,,,,,,
CSM3B32-C,87mm,87mm,"104,5mm","M10x1,25 X ",22mm,,,"M10x1,25 X ",22mm,"M6x1,00 X 15mm",M6x1 X 12mm,"M6x1 X 17,5mm",,,,img/csm3.png,img/csm3.png,1mm,6mm,"6,5mm","11,5mm",,,,Ø12,img/csm2.png,HASTE-12,,,,"31,5mm",,,imgTubo/mi-csm-ct.png,CSMTUBO-32,,,,,,,,,,,,,,,,,,,,,,,,,,,,,,,,,,
CSM3B40-C,"96,5mm",,,,,,,"M12x1,25 X ",24mm,"M8x1,25 X 15mm",,,,,,,img/csm3.png,"1,5mm",6mm,"6,5mm","15,5mm",,,,Ø16,,HASTE-16,,,,35mm,,,imgTubo/mi-csm-ct.png,CSMTUBO-40,,,,,,,,,,,,,,,,,,,,,,,,,,,,,,,,,,
CSM3B50-C,"115,5mm",,,,,,,"M16x1,5 X ",32mm,"M10x1,5 X 22mm",,,,,,,img/csm3.png,"1,5mm",7mm,"7,5mm",19mm,,,,Ø20,,HASTE-20,,,,"36,5mm",,,imgTubo/mi-csm-ct.png,CSMTUBO-50,,,,,,,,,,,,,,,,,,,,,,,,,,,,,,,,,,
CSM3B63-C,"115,5mm",,,,,,,"M16x1,5 X ",32mm,"M10x1,5 X 28mm",,,,,,,img/csm3.png,"1,5mm",7mm,"7,5mm",19mm,,,,Ø20,,HASTE-20,,,,"38,5mm",,,imgTubo/mi-csm-ct.png,CSMTUBO-63,,,,,,,,,,,,,,,,,,,,,,,,,,,,,,,,,,
,,,,,,,,,,,,,,,,,,,,,,,,,,,,,,,,,,,,,,,,,,,,,,,,,,,,,,,,,,,,,,,,,,,,,
CSM3F32-C,87mm,,,,,,,"M10x1,25 X ",22mm,"M6x1,00 X 15mm",,,,,,,img/csm3.png,1mm,6mm,"6,5mm","11,5mm",,,,Ø12,,HASTE-12,,,,"31,5mm",,,imgTubo/mi-csm-ct.png,CSMTUBO-32,,,,,,,,,,,,,,,,,,,,,,,,,,,,,,,,,,
CSM3F40-C,"96,5mm",,,,,,,"M12x1,25 X ",24mm,"M8x1,25 X 15mm",,,,,,,img/csm3.png,"1,5mm",6mm,"6,5mm","15,5mm",,,,Ø16,,HASTE-16,,,,"34,5mm",,,imgTubo/mi-csm-ct.png,CSMTUBO-40,,,,,,,,,,,,,,,,,,,,,,,,,,,,,,,,,,
CSM3F50-C,"115,5mm",,,,,,,"M16x1,5 X ",32mm,"M10x1,5 X 22mm",,,,,,,img/csm3.png,"1,5mm",7mm,"7,5mm",19mm,,,,Ø20,,HASTE-20,,,,"36,5mm",,,imgTubo/mi-csm-ct.png,CSMTUBO-50,,,,,,,,,,,,,,,,,,,,,,,,,,,,,,,,,,
CSM3F63-C,"115,5mm",,,,,,,"M16x1,5 X ",32mm,"M10x1,5 X 28mm",,,,,,,img/csm3.png,"1,5mm",7mm,"7,5mm",19mm,,,,Ø20,,HASTE-20,,,,"38,5mm",,,imgTubo/mi-csm-ct.png,CSMTUBO-63,,,,,,,,,,,,,,,,,,,,,,,,,,,,,,,,,,
,,,,,,,,,,,,,,,,,,,,,,,,,,,,,,,,,,,,,,,,,,,,,,,,,,,,,,,,,,,,,,,,,,,,,
CTB32,81mm,,120mm,,,8mm,"11,5mm","M10x1,25 X ",22mm,M6x1 X 15mm,,M6x1 X38mm,,,,,img/haste-cpctsai1.png,1mm,7mm,8mm,"11,5mm",,,,Ø12,imgHastePassante/cpmeMachoMacho.png,HASTE-12,,,,38mm,,,imgTubo/mi-csm-ct.png,CTTUBO-32,,,,,,Ø6,HASTE-06,66mm,M6x1 X 9mm,M6x1 X 9mm,imgTirante/tirante-ctb.png,,,,,,,,,,,,,,,,,,,,,,,
CTB40,83mm,,123mm,,,8mm,15mm,"M12x1,25 X ",24mm,"M8x1,25 X 25mm",,"M8x1,25 X 40mm",,,,,img/haste-cpctsai1.png,"1,5mm",7mm,8mm,15mm,,,,Ø16,imgHastePassante/cpmeMachoMacho.png,HASTE-16,,,,38mm,,,imgTubo/mi-csm-ct.png,CTTUBO-40,,,,,,Ø6,HASTE-06,66mm,M6x1 X 9mm,M6x1 X 9mm,imgTirante/tirante-ctb.png,,,,,,,,,,,,,,,,,,,,,,,
CTB50,91mm,,136mm,,,8mm,19mm,"M16x1,5 X ",32mm,"M10x1,5 X 25mm",,"M10x1,5 X 45mm",,,,,img/haste-cpctsai1.png,"1,5mm",7mm,8mm,19mm,,,,Ø20,imgHastePassante/cpmeMachoMacho.png,HASTE-20,,,,"38,5mm",,,imgTubo/mi-csm-ct.png,CTTUBO-50,,,,,,Ø6,HASTE-06,66mm,"M8x1,25 X 10mm",M6x1 X 10mm,imgTirante/tirante-ctb.png,,,,,,,,,,,,,,,,,,,,,,,
CTB63,91mm,,139mm,,,8mm,19mm,"M16x1,5 X ",32mm,"M10x1,5 X 25mm",,"M10x1,5 X 48mm",,,,,img/haste-cpctsai1.png,"1,5mm",7mm,8mm,19mm,,,,Ø20,imgHastePassante/cpmeMachoMacho.png,HASTE-20,,,,40mm,,,imgTubo/mi-csm-ct.png,CTTUBO-63,,,,,,Ø8,HASTE-08,70mm,"M8x1,25 X 10mm","M8x1,25 X 10mm",imgTirante/tirante-ctb.png,,,,,,,,,,,,,,,,,,,,,,,
CTB80,"114,5mm",,168mm,,,8mm,24mm,"M20x1,5 X ",40mm,"M12x1,75 X 30mm",,"M12x1,75 X 55mm",,,,,img/haste-cpctsai1.png,"1,5mm",7mm,8mm,24mm,,,,Ø25,imgHastePassante/cpmeMachoMacho.png,HASTE-25,,,,42mm,,,imgTubo/mi-csm-ct.png,CTTUBO-80,,,,,,Ø10,HASTE-10,73mm,"M10x1,5 X 10mm","M10x1,5 X 10mm",imgTirante/tirante-ctb.png,,,,,,,,,,,,,,,,,,,,,,,
CTB100,"114,5mm",,"169,5mm",,,8mm,24mm,"M20x1,5 X ",40mm,"M12x1,75 X 30mm",,"M12x1,75 X 55mm",,,,,img/haste-cpctsai1.png,"1,5mm",7mm,8mm,24mm,,,,Ø25,imgHastePassante/cpmeMachoMacho.png,HASTE-25,,,,48mm,,,imgTubo/mi-csm-ct.png,CTTUBO-100,,,,,,Ø10,HASTE-10,83mm,"M10x1,5 X 10mm","M10x1,5 X 10mm",imgTirante/tirante-ctb.png,,,,,,,,,,,,,,,,,,,,,,,
CTB125,152mm,,217mm,,,13mm,31mm,M27x2 X ,54mm,M14x2 X 45mm,,M14x2 X 65mm,,,,,img/haste-cpctsai1.png,2mm,12mm,13mm,31mm,,,,Ø32,imgHastePassante/cpmeMachoMacho.png,HASTE-32,,,,65mm,,,imgTubo/mi-csm-ct.png,CTTUBO-125,,,,,,Ø12,HASTE-12,111mm,"M12x1,75 X 12mm","M12x1,75 X 12mm",imgTirante/tirante-ctb.png,,,,,,,,,,,,,,,,,,,,,,,
,,,,,,,,,,,,,,,,,,,,,,,,,,,,,,,,,,,,,,,,,,,,,,,,,,,,,,,,,,,,,,,,,,,,,
CTE32,83mm,,122mm,,,8mm,"11,5mm","M10x1,25 X ",22mm,M6x1 X 15mm,,M6x1 X 38mm,,,,,img/haste-cpctsai1.png,1mm,7mm,8mm,"11,5mm",,,,Ø12,imgHastePassante/cpmeMachoMacho.png,HASTE-12,,,,"43,5mm",,,imgTubo/mi-csm-ct.png,CTTUBO-32,,,,,,Ø6,HASTE-06,65mm,M6x1 X 9mm,M6x1 X 9mm,imgTirante/tirante.png,,,,,,,,,,,,,,,,,,,,,,,
CTE40,93mm,,133mm,,,8mm,15mm,"M12x1,25 X ",24mm,"M8x1,25 X 24mm",,"M8x1,25 X 40mm",,,,,img/haste-cpctsai1.png,"1,5mm",7mm,8mm,15mm,,,,Ø16,imgHastePassante/cpmeMachoMacho.png,HASTE-16,,,,"45,5mm",,,imgTubo/mi-csm-ct.png,CTTUBO-40,,,,,,Ø6,HASTE-06,77mm,M6x1 X 9mm,M6x1 X 9mm,imgTirante/tirante.png,,,,,,,,,,,,,,,,,,,,,,,
CTE50,110mm,,155mm,,,8mm,19mm,"M16x1,5 X ",32mm,"M10x1,5 X 25mm",,"M10x1,5 X 45mm",,,,,img/haste-cpctsai1.png,"1,5mm",7mm,8mm,19mm,,,,Ø20,imgHastePassante/cpmeMachoMacho.png,HASTE-20,,,,"45,5mm",,,imgTubo/mi-csm-ct.png,CTTUBO-50,,,,,,Ø8,HASTE-08,77mm,"M8x1,25 X 10mm","M8x1,25 X 10mm",imgTirante/tirante.png,,,,,,,,,,,,,,,,,,,,,,,
CTE63,111mm,,163mm,,,8mm,19mm,"M16x1,5 X ",32mm,"M10x1,5 X25mm",,"M10x1,5 X 50mm",,,,,img/haste-cpctsai1.png,"1,5mm",7mm,8mm,19mm,,,,Ø20,imgHastePassante/cpmeMachoMacho.png,HASTE-20,,,,"48,5mm",,,imgTubo/mi-csm-ct.png,CTTUBO-63,,,,,,Ø8,HASTE-08,92mm,"M8x1,25 X 10mm","M8x1,25 X 10mm",imgTirante/tirante.png,,,,,,,,,,,,,,,,,,,,,,,
CTE80,135mm,,187mm,,,8mm,24mm,"M20x1,5 X ",40mm,"M12x1,75 X 30mm",,"M12x1,75 X 52mm",,,,,img/haste-cpctsai1.png,"1,5mm",7mm,8mm,24mm,,,,Ø25,imgHastePassante/cpmeMachoMacho.png,HASTE-25,,,,54mm,,,imgTubo/mi-csm-ct.png,CTTUBO-80,,,,,,Ø10,HASTE-10,96mm,"M10x1,5 X 10mm","M10x1,5 X 10mm",imgTirante/tirante.png,,,,,,,,,,,,,,,,,,,,,,,
CTE100,139mm,,199mm,,,8mm,24mm,"M20x1,5 X ",40mm,"M12x1,75 X 30mm",,"M12x1,75 X 60mm",,,,,img/haste-cpctsai1.png,"1,5mm",7mm,8mm,24mm,,,,Ø25,imgHastePassante/cpmeMachoMacho.png,HASTE-25,,,,59mm,,,imgTubo/mi-csm-ct.png,CTTUBO-100,,,,,,Ø10,HASTE-10,103mm,"M10x1,5 X 10mm","M10x1,5 X 10mm",imgTirante/tirante.png,,,,,,,,,,,,,,,,,,,,,,,
CTE125,186mm,,251mm,,,13mm,31mm,M27x2 X ,54mm,"M12x1,75 X 30mm",,M14x2 X 65mm,,,,,img/haste-cpctsai1.png,2mm,12mm,13mm,31mm,,,,Ø32,imgHastePassante/cpmeMachoMacho.png,HASTE-32,,,,68mm,,,imgTubo/mi-csm-ct.png,CTTUBO-125,,,,,,Ø12,HASTE-12,118mm,"M12x1,75 X 12mm","M12x1,75 X 12mm",imgTirante/tirante.png,,,,,,,,,,,,,,,,,,,,,,,
CTE160,217mm,,292mm,,,13mm,39mm,M36x2 X ,72mm,M16x2 X 45mm,,M16x2 X 75mm,,,,,img/haste-cpctsai1.png,2mm,12mm,13mm,39mm,,,,Ø40,imgHastePassante/cpmeMachoMacho.png,HASTE-40,,,,80mm,,,imgTubo/mi-csm-ct.png,CTTUBO-160,,,,,,Ø16,HASTE-16,139mm,M16x2 X 19mm,M16x2 X 15mm,imgTirante/tirante.png,,,,,,,,,,,,,,,,,,,,,,,
CTE200,240mm,,313mm,,,13mm,39mm,M36x2 X ,72mm,"M20x2,5 X 45mm",,"M20x2,5 X 75mm",,,,,img/haste-cpctsai1.png,2mm,12mm,13mm,39mm,,,,Ø40,imgHastePassante/cpmeMachoMacho.png,HASTE-40,,,,80mm,,,imgTubo/mi-csm-ct.png,CTTUBO-200,,,,,,Ø16,HASTE-16,139mm,M16x2 X 19mm,M16x2 X 15mm,imgTirante/tirante.png,,,,,,,,,,,,,,,,,,,,,,,
CTE320,,,,,,,,,,,,,,,,,,,,,,,,,,,,,,,,,,,,,,,,,Ø25,HASTE-25,174mm,M24x3 X 32mm,M24x3 X 35mm,imgTirante/tirante.png,,,,,,,,,,,,,,,,,,,,,,,
,,,,,,,,,,,,,,,,,,,,,,,,,,,,,,,,,,,,,,,,,,,,,,,,,,,,,,,,,,,,,,,,,,,,,
CTN32,81mm,,80mm,,,8mm,"11,5mm","M10x1,25 X ",22mm,M6x1 X 15mm,,M6x1 X 38mm,,,,,img/haste-cpctsai1.png,1mm,7mm,8mm,"11,5mm",,,,Ø12,imgHastePassante/cpmeMachoMacho.png,HASTE-12,,,,42mm,,,imgTubo/mi-csm-ct.png,CTTUBO-32,,,,,,Ø6,HASTE-06,67mm,M6x1 X 9mm,M6x1 X 9mm,imgTirante/tirante.png,,,,,,,,,,,,,,,,,,,,,,,
CTN40,91mm,,87mm,,,8mm,15mm,"M12x1,25 X ",24mm,"M8x1,25 X 22mm",,"M8x1,25 X 40mm",,,,,img/haste-cpctsai1.png,"1,5mm",7mm,8mm,15mm,,,,Ø16,imgHastePassante/cpmeMachoMacho.png,HASTE-16,,,,"46,5mm",,,imgTubo/mi-csm-ct.png,CTTUBO-40,,,,,,Ø6,HASTE-06,78mm,M6x1 X 9mm,M6x1 X 9mm,imgTirante/tirante.png,,,,,,,,,,,,,,,,,,,,,,,
CTN50,106mm,,92mm,,,8mm,19mm,"M16x1,5 X ",32mm,"M10x1,5 X 25mm",,"M10x1,5 X 45mm",,,,,img/haste-cpctsai1.png,"1,5mm",7mm,8mm,19mm,,,,Ø20,imgHastePassante/cpmeMachoMacho.png,HASTE-20,,,,47mm,,,imgTubo/mi-csm-ct.png,CTTUBO-50,,,,,,Ø8,HASTE-08,81mm,"M8x1,25 X 10mm",M6x1 X 10mm,imgTirante/tirante.png,,,,,,,,,,,,,,,,,,,,,,,
CTN63,"111,5mm",,105mm,,,8mm,19mm,"M16x1,5 X ",32mm,"M10x1,5 X 25mm",,"M10x1,5 X 50mm",,,,,img/haste-cpctsai1.png,"1,5mm",7mm,8mm,19mm,,,,Ø20,imgHastePassante/cpmeMachoMacho.png,HASTE-20,,,,55mm,,,imgTubo/mi-csm-ct.png,CTTUBO-63,,,,,,Ø8,HASTE-08,95mm,"M8x1,25 X 10mm","M8x1,25 X 10mm",imgTirante/tirante.png,,,,,,,,,,,,,,,,,,,,,,,
CTN80,134mm,,108mm,,,8mm,24mm,"M20x1,5 X ",40mm,"M12x1,75 X 30mm",,"M12x1,75 X 52mm",,,,,img/haste-cpctsai1.png,"1,5mm",7mm,8mm,24mm,,,,Ø25,imgHastePassante/cpmeMachoMacho.png,HASTE-25,,,,"59,5mm",,,imgTubo/mi-csm-ct.png,CTTUBO-80,,,,,,Ø10,HASTE-10,98mm,"M10x1,5 X 10mm","M10x1,5 X 10mm",imgTirante/tirante.png,,,,,,,,,,,,,,,,,,,,,,,
CTN100,142mm,,122mm,,,8mm,24mm,"M20x1,5 X ",40mm,"M12x1,75 X 30mm",,"M12x1,75 X 60mm",,,,,img/haste-cpctsai1.png,"1,5mm",7mm,8mm,24mm,,,,Ø25,imgHastePassante/cpmeMachoMacho.png,HASTE-25,,,,62mm,,,imgTubo/mi-csm-ct.png,CTTUBO-100,,,,,,Ø10,HASTE-10,"105,5mm","M10x1,5 X 10mm","M10x1,5 X 10mm",imgTirante/tirante.png,,,,,,,,,,,,,,,,,,,,,,,
CTN125,193mm,,249mm,,,13mm,31mm,M27x2 X ,54mm,M14x2 X 45mm,,M14x2 X 65mm,,,,,img/haste-cpctsai1.png,2mm,12mm,13mm,31mm,,,,Ø32,imgHastePassante/cpmeMachoMacho.png,HASTE-32,,,,65mm,,,imgTubo/mi-csm-ct.png,CTTUBO-125,,,,,,Ø12,HASTE-12,121mm,"M12x1,75 X 12mm","M12x1,75 X 12mm",imgTirante/tirante.png,,,,,,,,,,,,,,,,,,,,,,,
,,,,,,,,,,,,,,,,,,,,,,,,,,,,,,,,,,,,,,,,,,,,,,,,,,,,,,,,,,,,,,,,,,,,,
GB16,,,,,,,,,,,,,,,,,,,,,,,,,,,,,,,,,,,,Ø10,HASTE-10,98mm,M5 X 10,img/gb-gr.png,,,,,,,,,,,,,,,,,,,,,,,,,,,,,
GB20,,,,,,,,,,,,,,,,,,,,,,,,,,,,,,,,,,,,Ø10,HASTE-10,126mm,M5 X 10,img/gb-gr.png,,,,,,,,,,,,,,,,,,,,,,,,,,,,,
GB25,,,,,,,,,,,,,,,,,,,,,,,,,,,,,,,,,,,,Ø10,HASTE-10,126mm,M5 X 10,img/gb-gr.png,,,,,,,,,,,,,,,,,,,,,,,,,,,,,
GB32,,,,,,,,,,,,,,,,,,,,,,,,,,,,,,,,,,,,Ø12,HASTE-12,143mm,M6 X 15,img/gb-gr.png,,,,,,,,,,,,,,,,,,,,,,,,,,,,,
GB40,,,,,,,,,,,,,,,,,,,,,,,,,,,,,,,,,,,,Ø16,HASTE-16,158mm,M8 X 18,img/gb-gr.png,,,,,,,,,,,,,,,,,,,,,,,,,,,,,
GB50,,,,,,,,,,,,,,,,,,,,,,,,,,,,,,,,,,,,Ø20,HASTE-20,173mm,M8 X 18,img/gb-gr.png,,,,,,,,,,,,,,,,,,,,,,,,,,,,,
GB63,,,,,,,,,,,,,,,,,,,,,,,,,,,,,,,,,,,,Ø20,HASTE-20,205mm,M8 X 18,img/gb-gr.png,,,,,,,,,,,,,,,,,,,,,,,,,,,,,
GB80,,,,,,,,,,,,,,,,,,,,,,,,,,,,,,,,,,,,Ø25,HASTE-25,238mm,M10 X 20,img/gb-gr.png,,,,,,,,,,,,,,,,,,,,,,,,,,,,,
GB100,,,,,,,,,,,,,,,,,,,,,,,,,,,,,,,,,,,,Ø25,HASTE-25,243mm,M10 X 20,img/gb-gr.png,,,,,,,,,,,,,,,,,,,,,,,,,,,,,
,,,,,,,,,,,,,,,,,,,,,,,,,,,,,,,,,,,,,,,,,,,,,,,,,,,,,,,,,,,,,,,,,,,,,
GR16,,,,,,,,,,,,,,,,,,,,,,,,,,,,,,,,,,,,Ø10,HASTE-10,98mm,M5 X 10,img/gb-gr.png,,,,,,,,,,,,,,,,,,,,,,,,,,,,,
GR20,,,,,,,,,,,,,,,,,,,,,,,,,,,,,,,,,,,,Ø10,HASTE-10,126mm,M5 X 10,img/gb-gr.png,,,,,,,,,,,,,,,,,,,,,,,,,,,,,
GR25,,,,,,,,,,,,,,,,,,,,,,,,,,,,,,,,,,,,Ø10,HASTE-10,126mm,M5 X 10,img/gb-gr.png,,,,,,,,,,,,,,,,,,,,,,,,,,,,,
GR32,,,,,,,,,,,,,,,,,,,,,,,,,,,,,,,,,,,,Ø12,HASTE-12,143mm,M6 X 15,img/gb-gr.png,,,,,,,,,,,,,,,,,,,,,,,,,,,,,
GR40,,,,,,,,,,,,,,,,,,,,,,,,,,,,,,,,,,,,Ø16,HASTE-16,158mm,M8 X 18,img/gb-gr.png,,,,,,,,,,,,,,,,,,,,,,,,,,,,,
GR50,,,,,,,,,,,,,,,,,,,,,,,,,,,,,,,,,,,,Ø20,HASTE-20,173mm,M8 X 18,img/gb-gr.png,,,,,,,,,,,,,,,,,,,,,,,,,,,,,
GR63,,,,,,,,,,,,,,,,,,,,,,,,,,,,,,,,,,,,Ø20,HASTE-20,205mm,M8 X 18,img/gb-gr.png,,,,,,,,,,,,,,,,,,,,,,,,,,,,,
GR80,,,,,,,,,,,,,,,,,,,,,,,,,,,,,,,,,,,,Ø25,HASTE-25,238mm,M10 X 20,img/gb-gr.png,,,,,,,,,,,,,,,,,,,,,,,,,,,,,
GR100,,,,,,,,,,,,,,,,,,,,,,,,,,,,,,,,,,,,Ø25,HASTE-25,243mm,M10 X 20,img/gb-gr.png,,,,,,,,,,,,,,,,,,,,,,,,,,,,,
,,,,,,,,,,,,,,,,,,,,,,,,,,,,,,,,,,,,,,,,,,,,,,,,,,,,,,,,,,,,,,,,,,,,,
MI12SCA,67mm,59mm,72mm,M6x1 X,16mm,,,M6x1 X ,16mm,"M3x0,5 X 10mm","M4x0,7 X 8mm F","M4x0,7 X 12mm",M6x1 X teste,16mm,"M3x0,5 X 10mm",img/novaMiMF.png,img/novaMiMF.png,"0,5mm",4mm,,,"Ø4,5 X 10mm",,,Ø6,img/csm10-16.png,HASTE-06-I,,,,24mm,,,imgTubo/mi-csm-ct.png,CSMTUBO-12,,,,,,,,,,,,,,,,,,,,,,,,,,,,,,,,,,
MI12SU,67mm,59mm,72mm,M6x1 X,16mm,,,M6x1 X ,16mm,"M3x0,5 X 10mm","M4x0,7 X 8mm F","M4x0,7 X 12mm",M6x1 X ,16mm,"M3x0,5 X 10mm",img/novaMiMF.png,img/novaMiMF.png,"0,5mm",4mm,,,"Ø4,5 X 10mm",,,Ø6,img/csm10-16.png,HASTE-06-I,,,,24mm,,,imgTubo/mi-csm-ct.png,CSMTUBO-12,,,,,,,,,,,,,,,,,,,,,,,,,,,,,,,,,,
MI16SCA,"81,5mm","64,5mm",72mm,M6x1 X,16mm,,,M6x1 X ,16mm,"M4x0,7 X 12mm","M4x0,7 X 8mm F","M4x0,7 X 12mm",M6x1 X ,16mm,"M5x0,8 X 12mm",img/novaMiMF.png,img/mi16-20.png,"0,5mm",4mm,,,Ø5 X 21mm,,,Ø6,img/csm10-16.png,HASTE-06-I,,,,28mm,,,imgTubo/mi-csm-ct.png,CSMTUBO-16,,,,,,,,,,,,,,,,,,,,,,,,,,,,,,,,,,
MI16SU,"81,5mm","64,5mm",72mm,M6x1 X,16mm,,,M6x1 X ,16mm,"M4x0,7 X 12mm","M4x0,7 X 8mm F","M4x0,7 X 12mm",M6x1 X ,16mm,"M5x0,8 X 12mm",img/novaMiMF.png,img/mi16-20.png,"0,5mm",4mm,,,Ø5 X 21mm,,,Ø6,img/csm10-16.png,HASTE-06-I,,,,28mm,,,imgTubo/mi-csm-ct.png,CSMTUBO-16,,,,,,,,,,,,,,,,,,,,,,,,,,,,,,,,,,
MI20SCAG,"89,5mm","69,5mm",78mm,M6x1 X,16mm,,,"M8x1,25 X ",20mm,"M5x0,8 X 10mm","M5x0,8 X 10mm F","M5x0,8 X 13mm","M8x1,25 X ",20mm,"M5x0,8 X 10mm",img/novaMiMF.png,img/mi16-20.png,1mm,4mm,,,"Ø6 X 19,50mm",,,Ø8,img/csm10-16.png,HASTE-08-I,,,,29mm,,,imgTubo/mi-csm-ct.png,CSMTUBO-20,,,,,,,,,,,,,,,,,,,,,,,,,,,,,,,,,,
MI20SUG,"89,5mm","69,5mm",78mm,M6x1 X,16mm,,,"M8x1,25 X ",20mm,"M5x0,8 X 10mm","M5x0,8 X 10mm F","M5x0,8 X 13mm","M8x1,25 X ",20mm,"M5x0,8 X 10mm",img/novaMiMF.png,img/mi16-20.png,1mm,4mm,,,"Ø6 X 19,50mm",,,Ø8,img/csm10-16.png,HASTE-08-I,,,,29mm,,,imgTubo/mi-csm-ct.png,CSMTUBO-20,,,,,,,,,,,,,,,,,,,,,,,,,,,,,,,,,,
MI25SCAG,98mm,"75,5mm",98mm,"M10x1,25 X ",22mm,,,"M10x1,25 X ",22mm,M6x1 X 12mm,"M10x1,25 X 22mm F",M6x1 X 12mm,"M10x1,25 X ",22mm,M6x1 X 12mm,img/novaMiMF.png,img/mi16-25.png,1mm,5mm,,,"Ø7,9 X 22,50mm","Ø4,8 X 2mm",16mm,Ø10,img/csm10-16.png,HASTE-10-I,,,,"28,5mm",,,imgTubo/mi-csm-ct.png,CSMTUBO-25,,,,,,,,,,,,,,,,,,,,,,,,,,,,,,,,,,
MI25SUG,98mm,"75,5mm",98mm,"M10x1,25 X ",22mm,,,"M10x1,25 X ",22mm,M6x1 X 12mm,"M10x1,25 X 22mm F",,"M10x1,25 X ",22mm,M6x1 X 10mm,img/novaMiMF.png,img/mi16-25.png,1mm,5mm,,,"Ø7,9 X 22,50mm","Ø4,8 X 2mm",16mm,Ø10,img/csm10-16.png,HASTE-10-I,,,,"28,5mm",,,imgTubo/mi-csm-ct.png,CSMTUBO-25,,,,,,,,,,,,,,,,,,,,,,,,,,,,,,,,,,
MI32,"88,5mm",,,,,,,"M10x1,25 X ",22mm,"M8x1,25 X 25mm F",,,"M10x1,25 X ",22mm,"M8x1,25 X 25mm F",,img/haste-cpctsai1.png,1mm,6mm,"6,5mm","11,5mm",,,,,,HASTE-12-I,,,,"30,5mm",,,imgTubo/mi-csm-ct.png,CSMTUBO-32,,,,,,,,,,,,,,,,,,,,,,,,,,,,,,,,,,
MI40,109mm,,,,,,,"M12x1,25 X ",24mm,"M8x1,25 X 30mm F",,,"M12x1,25 X ",24mm,"M8x1,25 X 30mm F",,img/haste-cpctsai1.png,"1,5mm",6mm,"6,5mm","15,5mm",,,,,,HASTE-16-I,,,,"40,5mm",,,imgTubo/mi-csm-ct.png,CSMTUBO-40,,,,,,,,,,,,,,,,,,,,,,,,,,,,,,,,,,
MIC32,"88,5mm",,,,,,,"M10x1,25 X ",22mm,"M8x1,25 X 25mm F",,,"M10x1,25 X ",22mm,"M8x1,25 X 25mm F",,img/haste-cpctsai1.png,1mm,6mm,"6,5mm","11,5mm",,,,,,HASTE-12-I,,,,"30,5mm",,,imgTubo/mi-csm-ct.png,CSMTUBO-32,,,,,,,,,,,,,,,,,,,,,,,,,,,,,,,,,,
MIC40,109mm,,,,,,,"M12x1,25 X ",24mm,"M8x1,25 X 30mm F",,,"M12x1,25 X ",24mm,"M8x1,25 X 30mm F",,img/haste-cpctsai1.png,"1,5mm",6mm,"6,5mm","15,5mm",,,,,,HASTE-16-I,,,,"40,5mm",,,imgTubo/mi-csm-ct.png,CSMTUBO-40,,,,,,,,,,,,,,,,,,,,,,,,,,,,,,,,,,
,,,,,,,,,,,,,,,,,,,,,,,,,,,,,,,,,,,,,,,,,,,,,,,,,,,,,,,,,,,,,,,,,,,,,
MIC16SCA,75mm,,,,,,,M6x1 X ,16mm,"M5x0,8 X 14mm",,,M6x1 X ,16mm,"M5x0,8 X 12mm",img/novaMiMF.png,img/mi16-25.png,"0,5mm",4mm,,,,,,Ø6,img/csm10-16.png,HASTE-06-I,,,,28mm,,,imgTubo/mi-csm-ct.png,CSMTUBO-16,,,,,,,,,,,,,,,,,,,,,,,,,,,,,,,,,,
MIC16SU,75mm,,,,,,,M6x1 X ,16mm,"M5x0,8 X 14mm",,,M6x1 X ,16mm,"M5x0,8 X 12mm",img/novaMiMF.png,img/mi16-25.png,"0,5mm",4mm,,,,,,Ø6,img/csm10-16.png,HASTE-06-I,,,,28mm,,,imgTubo/mi-csm-ct.png,CSMTUBO-16,,,,,,,,,,,,,,,,,,,,,,,,,,,,,,,,,,
MIC20SCAG,"89,5mm",,,,,,,"M8x1,25 X ",20mm,"M5x0,8 X 10mm",,,"M8x1,25 X ",20mm,"M5x0,8 X 10mm",img/novaMiMF.png,img/mi16-25.png,1mm,4mm,,,"Ø6 X 19,50mm",,,Ø8,img/csm10-16.png,HASTE-08-I,,,,29mm,,,imgTubo/mi-csm-ct.png,CSMTUBO-20,,,,,,,,,,,,,,,,,,,,,,,,,,,,,,,,,,
MIC20SUG,"89,5mm",,,,,,,"M8x1,25 X ",20mm,"M5x0,8 X 10mm",,,"M8x1,25 X ",20mm,"M5x0,8 X 10mm",img/novaMiMF.png,img/mi16-25.png,1mm,4mm,,,"Ø6 X 19,50mm",,,Ø8,img/csm10-16.png,HASTE-08-I,,,,29mm,,,imgTubo/mi-csm-ct.png,CSMTUBO-20,,,,,,,,,,,,,,,,,,,,,,,,,,,,,,,,,,
MIC25SCAG,96mm,98mm,"75,5mm",,,,,"M10x1,25 X ",22mm,M6x1 X 10mm,,,"M10x1,25 X ",22mm,M6x1 X 12mm,img/novaMiMF.png,img/mi16-25.png,1mm,5mm,,,"Ø7,9 X 20,50mm","Ø4,8 X 2mm",15mm,Ø10,img/csm10-16.png,HASTE-10-I,,,,"28,5mm",,,imgTubo/mi-csm-ct.png,CSMTUBO-25,,,,,,,,,,,,,,,,,,,,,,,,,,,,,,,,,,
MIC25SUG,96mm,98mm,"75,5mm",,,,,"M10x1,25 X ",22mm,M6x1 X 10mm,,,"M10x1,25 X ",22mm,M6x1 X 10mm,img/novaMiMF.png,img/mi16-25.png,1mm,5mm,"5,5mm","9,7mm","Ø7,9 X 20,50mm","Ø4,8 X 2mm",15mm,Ø10,img/csm10-16.png,HASTE-10-I,,,,"28,5mm",,,imgTubo/mi-csm-ct.png,CSMTUBO-25,,,,,,,,,,,,,,,,,,,,,,,,,,,,,,,,,,
,,,,,,,,,,,,,,,,,,,,,,,,,,,,,,,,,,,,,,,,,,,,,,,,,,,,,,,,,,,,,,,,,,,,,
MSI12SCA,67mm,,,,,,,M6x1 X ,16mm,"M3x0,5 X 10mm",,,M6x1 X 16mm,,"M3x0,5 X 10mm",img/novaMiMF.png,img/novaMiMF.png,"0,5mm",4mm,,,"Ø4,5 X 10mm",,,Ø6,img/csm10-16.png,HASTE-06-I,,,,24mm,,,imgTubo/mi-csm-ct.png,CSMTUBO-12,,,,,,,,,,,,,,,,,,,,,,,,,,,,,,,,,,
MSI12SU,67mm,,,,,,,M6x1 X ,16mm,"M3x0,5 X 10mm",,,M6x1 X 16mm,,"M3x0,5 X 10mm",img/novaMiMF.png,img/novaMiMF.png,"0,5mm",4mm,,,"Ø4,5 X 10mm",,,Ø6,img/csm10-16.png,HASTE-06-I,,,,24mm,,,imgTubo/mi-csm-ct.png,CSMTUBO-12,,,,,,,,,,,,,,,,,,,,,,,,,,,,,,,,,,
MSI16SCA,"81,5mm",,,,,,,M6x1 X ,16mm,"M5x0,8 X 12mm",,,M6x1 X 16mm,,"M5x0,8 X 12mm",img/novaMiMF.png,img/mi16-20.png,"0,5mm",4mm,,,Ø5 X 21mm,,,Ø6,img/csm10-16.png,HASTE-06-I,,,,28mm,,,imgTubo/mi-csm-ct.png,CSMTUBO-16,,,,,,,,,,,,,,,,,,,,,,,,,,,,,,,,,,
MSI16SU,"81,5mm",,,,,,,M6x1 X ,16mm,"M5x0,8 X 12mm",,,M6x1 X 16mm,,"M5x0,8 X 12mm",img/novaMiMF.png,img/mi16-20.png,"0,5mm",4mm,,,Ø5 X 21mm,,,Ø6,img/csm10-16.png,HASTE-06-I,,,,28mm,,,imgTubo/mi-csm-ct.png,CSMTUBO-16,,,,,,,,,,,,,,,,,,,,,,,,,,,,,,,,,,
MSI20SCAG,"89,5mm",,,,,,,"M8x1,25 X ",20mm,"M5x0,8 X 10mm",,,"M8x1,25 X 20mm",,"M5x0,8 X 10mm",img/novaMiMF.png,img/mi16-20.png,1mm,4mm,,,"Ø6 X 19,50mm",,,Ø8,img/csm10-16.png,HASTE-08-I,,,,29mm,,,imgTubo/mi-csm-ct.png,CSMTUBO-20,,,,,,,,,,,,,,,,,,,,,,,,,,,,,,,,,,
MSI20SUG,"89,5mm",,,,,,,"M8x1,25 X ",20mm,"M5x0,8 X 10mm",,,"M8x1,25 X 20mm",,"M5x0,8 X 10mm",img/novaMiMF.png,img/mi16-20.png,1mm,4mm,,,"Ø6 X 19,50mm",,,Ø8,img/csm10-16.png,HASTE-08-I,,,,29mm,,,imgTubo/mi-csm-ct.png,CSMTUBO-20,,,,,,,,,,,,,,,,,,,,,,,,,,,,,,,,,,
MSI25SCAG,98mm,,,,,,,"M10x1,25 X ",22mm,M6x1 X 12mm,,,"M10x1,25 X 22mm",,M6x1 X 10mm,img/novaMiMF.png,img/mi16-25.png,1mm,5mm,,,"Ø7,9 X 22,50mm","Ø4,8 X 2mm",16mm,Ø10,img/csm10-16.png,HASTE-10-I,,,,"28,5mm",,,imgTubo/mi-csm-ct.png,CSMTUBO-25,,,,,,,,,,,,,,,,,,,,,,,,,,,,,,,,,,
MSI25SUG,98mm,,,,,,,"M10x1,25 X ",22mm,M6x1 X 12mm,,,"M10x1,25 X 22mm",,M6x1 X 10mm,img/novaMiMF.png,img/mi16-25.png,1mm,5mm,,,"Ø7,9 X 22,50mm","Ø4,8 X 2mm",16mm,Ø10,img/csm10-16.png,HASTE-10-I,,,,"28,5mm",,,imgTubo/mi-csm-ct.png,CSMTUBO-25,,,,,,,,,,,,,,,,,,,,,,,,,,,,,,,,,,
,,,,,,,,,,,,,,,,,,,,,,,,,,,,,,,,,,,,,,,,,,,,,,,,,,,,,,,,,,,,,,,,,,,,,
MTI12SCA,67mm,,,,,,,M6x1 X ,16mm,"M3x0,5 X 10mm",,,M6x1 X 16mm,,"M3x0,5 X 10mm",img/novaMiMF.png,img/novaMiMF.png,"0,5mm",4mm,,,"Ø4,5 X 10mm",,,Ø6,img/csm10-16.png,HASTE-06-I,,,,24mm,,,imgTubo/mi-csm-ct.png,CSMTUBO-12,,,,,,,,,,,,,,,,,,,,,,,,,,,,,,,,,,
MTI12SU,67mm,,,,,,,M6x1 X ,16mm,"M3x0,5 X 10mm",,,M6x1 X 16mm,,"M3x0,5 X 10mm",img/novaMiMF.png,img/novaMiMF.png,"0,5mm",4mm,,,"Ø4,5 X 10mm",,,Ø6,img/csm10-16.png,HASTE-06-I,,,,24mm,,,imgTubo/mi-csm-ct.png,CSMTUBO-12,,,,,,,,,,,,,,,,,,,,,,,,,,,,,,,,,,
MTI16SCA,"81,5mm",,,,,,,M6x1 X ,16mm,"M5x0,8 X 12mm",,,M6x1 X 16mm,,"M5x0,8 X 12mm",img/novaMiMF.png,img/mi16-25.png,"0,5mm",4mm,,,"Ø4,8 X 21mm",,,Ø6,img/csm10-16.png,HASTE-06-I,,,,28mm,,,imgTubo/mi-csm-ct.png,CSMTUBO-16,,,,,,,,,,,,,,,,,,,,,,,,,,,,,,,,,,
MTI16SU,"81,5mm",,,,,,,M6x1 X ,16mm,"M5x0,8 X 12mm",,,M6x1 X 16mm,,"M5x0,8 X 12mm",img/novaMiMF.png,img/mi16-25.png,"0,5mm",4mm,,,"Ø4,8 X 21mm",,,Ø6,img/csm10-16.png,HASTE-06-I,,,,28mm,,,imgTubo/mi-csm-ct.png,CSMTUBO-16,,,,,,,,,,,,,,,,,,,,,,,,,,,,,,,,,,
MTI20SCAG,"89,5mm",,,,,,,"M8x1,25 X ",20mm,"M5x0,8 X 10mm",,,"M8x1,25 X 20mm",,"M5x0,8 X 10mm",img/novaMiMF.png,img/mi16-25.png,1mm,4mm,,,"Ø6 X 19,50mm",,,Ø8,img/csm10-16.png,HASTE-08-I,,,,29mm,,,imgTubo/mi-csm-ct.png,CSMTUBO-20,,,,,,,,,,,,,,,,,,,,,,,,,,,,,,,,,,
MTI20SUG,"89,5mm",,,,,,,"M8x1,25 X ",20mm,"M5x0,8 X 10mm",,,"M8x1,25 X 20mm",,"M5x0,8 X 10mm",img/novaMiMF.png,img/mi16-25.png,1mm,4mm,,,"Ø6 X 19,50mm",,,Ø8,img/csm10-16.png,HASTE-08-I,,,,29mm,,,imgTubo/mi-csm-ct.png,CSMTUBO-20,,,,,,,,,,,,,,,,,,,,,,,,,,,,,,,,,,
MTI25SCAG,98mm,,,,,,,"M10x1,25 X ",22mm,M6x1 X 12mm,,,"M10x1,25 X 22mm",,M6x1 X 10mm,img/novaMiMF.png,img/mi16-25.png,1mm,5mm,,,"Ø7,9 X 22,50mm","Ø4,8 X 2mm",16mm,Ø10,img/csm10-16.png,HASTE-10-I,,,,"28,5mm",,,imgTubo/mi-csm-ct.png,CSMTUBO-25,,,,,,,,,,,,,,,,,,,,,,,,,,,,,,,,,,
MTI25SUG,98mm,,,,,,,"M10x1,25 X ",22mm,M6x1 X 12mm,,,"M10x1,25 X 22mm",,M6x1 X 10mm,img/novaMiMF.png,img/mi16-25.png,1mm,5mm,,,"Ø7,9 X 22,50mm","Ø4,8 X 2mm",16mm,Ø10,img/csm10-16.png,HASTE-10-I,,,,"28,5mm",,,imgTubo/mi-csm-ct.png,CSMTUBO-25,,,,,,,,,,,,,,,,,,,,,,,,,,,,,,,,,,
,,,,,,,,,,,,,,,,,,,,,,,,,,,,,,,,,,,,,,,,,,,,,,,,,,,,,,,,,,,,,,,,,,,,,
SAI32SNG,77mm,,,,,8mm,"11,5mm","M10x1,25 X ",22mm,"M8x1,25 X 16mm",,,,,,,img/sai2026-1.png,1mm,7mm,8mm,"11,5mm",,,,Ø12,,HASTE-12,,,,39mm,,M6x1 X 22mm,imgTubo/sai.png,1L2A0088Y,,,,,,,,,,,,,,,,,,,,,,,,,,,,,,,,10mm,3mm,"1,5mm"
SAI40SNG,86mm,,,,,8mm,15mm,"M12x1,25 X ",24mm,"M10x1,5 X 20mm",,,,,,,img/sai2026-1.png,"1,5mm",7mm,8mm,15mm,,,,Ø16,,HASTE-16,,,,41mm,,M6x1 X 22mm,imgTubo/sai.png,1L2A0089Y,,,,,,,,,,,,,,,,,,,,,,,,,,,,,,,,"13,5mm",3mm,"1,5mm"
SAI50SNG,99mm,,,,,8mm,19mm,"M16x1,5 X ",32mm,"M12x1,75 X 24mm",,,,,,,img/sai2026-1.png,"1,5mm",7mm,8mm,19mm,,,,Ø20,,HASTE-20,,,,44mm,,"M8x1,25 X 24mm",imgTubo/sai.png,1L2A0087Y,,,,,,,,,,,,,,,,,,,,,,,,,,,,,,,,"17,5mm",3mm,"1,5mm"
SAI63SNG,101mm,,,,,8mm,19mm,"M16x1,5 X ",32mm,"M12x1,75 X 24mm",,,,,,,img/sai2026-1.png,"1,5mm",7mm,8mm,19mm,,,,Ø20,,HASTE-20,,,,55mm,,"M8x1,25 X 24mm",imgTubo/sai.png,1L2A0085Y,,,,,,,,,,,,,,,,,,,,,,,,,,,,,,,,"17,5mm",3mm,"1,5mm"
SAI80SNG,125mm,,,,,8mm,24mm,"M20x1,5 X ",40mm,"M14x2,00 X 28mm",,,,,,,img/sai2026-1.png,"1,5mm",7mm,8mm,24mm,,,,Ø25,,HASTE-25,,,,62mm,,"M10x1,5 X 26mm",imgTubo/sai.png,1L2A0090Y,,,,,,,,,,,,,,,,,,,,,,,,,,,,,,,,21mm,10mm,"3,0mm"
SAI100SNG,132mm,,,,,8mm,24mm,"M20x1,5 X ",40mm,"M14x2,00 X 28mm",,,,,,,img/sai2026-1.png,"1,5mm",7mm,8mm,24mm,,,,Ø25,,HASTE-25,,,,64mm,,"M10x1,5 X 26mm",imgTubo/sai.png,1L2A0091Y,,,,,,,,,,,,,,,,,,,,,,,,,,,,,,,,21mm,10mm,"3,0mm"
SAI125SNG,175mm,,,,,13mm,31mm,M27x2 ,54mm,"M14x2,00 X 28mm",,,,,,,img/sai2026-1.png,2mm,12mm,13mm,31mm,,,,Ø32,,HASTE-32,,,,68mm,,"M12x1,75 X 30mm",imgTubo/sai.png,1L2A0098Y,,,,,,,,,,,,,,,,,,,,,,,,,,,,,,,,29mm,10mm,"3,2mm"
SAI160SNG,"217,5mm",,,,,13mm,39mm,M36x2 X ,72mm,M16x2 X 45mm,,,,,,,img/haste-cpctsai1.png,2mm,12mm,13mm,39mm,,,,Ø40,,HASTE-40,,,,80mm,,,imgTubo/sai.png,1L2A0099Y,,,,,,Ø16,HASTE-16,108mm,M16x2 X 15mm,M16x2 X 12mm,imgTirante/tirante.png,,,,,,,,,,,,,,,,,,,,,,,
SAI200SNG,232mm,,,,,13mm,39mm,M36x2 X ,72mm,M16x2 X 45mm,,,,,,,img/haste-cpctsai1.png,2mm,12mm,13mm,39mm,,,,Ø40,,HASTE-40,,,,80mm,,,imgTubo/sai.png,1L2A0100Y,,,,,,Ø16,HASTE-16,108mm,M16x2 X 15mm,M16x2 X 12mm,imgTirante/tirante.png,,,,,,,,,,,,,,,,,,,,,,,
,,,,,,,,,,,,,,,,,,,,,,,,,,,,,,,,,,,,,,,,,,,,,,,,,,,,,,,,,,,,,,,,,,,,,
CP2M32,84mm,,114mm,,,,,"M10x1,25 X",22mm,M6x1 X 12mm,,M6X1 x 30mm,,,,,img/haste-cpctsai1.png,1mm,7mm,8mm,"11,5mm",,,,Ø12,imgHastePassante/cpmeMachoMacho.png,HASTE-12,,,,42mm,,M6x1 X 22mm,imgTubo/cpn-cpme.png,CPTUBO-32,,,,,,,,,,,,,,,,,,,,,,,,,,,,,,,,,,
CP2M40,93mm,,140mm,,,,,"M12x1,25 X",24mm,"M8x1,25 X 20mm",,"M8X1,25 X 47mm",,,,,img/haste-cpctsai1.png,"1,5mm",7mm,8mm,15mm,,,,Ø16,imgHastePassante/cpmeMachoMacho.png,HASTE-16,,,,"45,5mm",,M6x1 X 22mm,imgTubo/cpn-cpme.png,CPTUBO-40,,,,,,,,,,,,,,,,,,,,,,,,,,,,,,,,,,
CP2M50,108mm,,163mm,,,,,"M16x1,5 X ",32mm,"M10x1,5 X25mm",,"M10x1,5 X 50mm",,,,,img/haste-cpctsai1.png,"1,5mm",7mm,8mm,19mm,,,,Ø20,imgHastePassante/cpmeMachoMacho.png,HASTE-20,,,,"45,5mm",,"M8x1,25 X 22mm",imgTubo/cpn-cpme.png,CPTUBO-50,,,,,,,,,,,,,,,,,,,,,,,,,,,,,,,,,,
CP2M63,113mm,,163mm,,,,,"M16x1,5 X ",32mm,"M10x1,5 X25mm",,"M10x1,5 X 50mm",,,,,img/haste-cpctsai1.png,"1,5mm",7mm,8mm,19mm,,,,Ø20,imgHastePassante/cpmeMachoMacho.png,HASTE-20,,,,"48,5mm",,"M8x1,25 X 22mm",imgTubo/cpn-cpme.png,CPTUBO-63,,,,,,,,,,,,,,,,,,,,,,,,,,,,,,,,,,
CP2M80,"140,5mm",,,,,,,"M20x1,5 X ",40mm,"M12X1,75 X 24mm",,"M10x1,5 X 50mm",,,,,img/haste-cpctsai1.png,"1,5mm",7mm,8mm,24mm,,,,Ø25,imgHastePassante/cpmeMachoMacho.png,HASTE-25,,,,56mm,,"M10x1,5 X 26mm",imgTubo/cpn-cpme.png,CPTUBO-80,,,,,,,,,,,,,,,,,,,,,,,,,,,,,,,,,,
CP2M100,139mm,,199mm,,,,,"M20x1,5 X ",40mm,"M12x1,75 X 30mm",,"M12x1,75 X 60mm",,,,,img/haste-cpctsai1.png,"1,5mm",7mm,8mm,24mm,,,,Ø25,imgHastePassante/cpmeMachoMacho.png,HASTE-25,,,,59mm,,"M10x1,5 X 26mm",imgTubo/cpn-cpme.png,CPTUBO-100,,,,,,,,,,,,,,,,,,,,,,,,,,,,,,,,,,
CP2M125,186mm,, 251mm,,,,,M27x2 X ,54mm,M14x2 X 30mm,,M14x2 X 65mm,,,,,img/haste-cpctsai1.png,2mm,12mm,13mm,31mm,,,,Ø32,imgHastePassante/cpmeMachoMacho.png,HASTE-32,,,,68mm,,"M10x1,25 X 24mm",imgTubo/cpn-cpme.png,CPTUBO-125,,,,,,,,,,,,,,,,,,,,,,,,,,,,,,,,,,
,,,,,,,,,,,,,,,,,,,,,,,,,,,,,,,,,,,,,,,,,,,,,,,,,,,,,,,,,,,,,,,,,,,,,
CT2M32,83mm,,,,,,,"M10x1,25 X",22mm,M6x1 X 12mm,,,,,,,img/haste-cpctsai1.png,1mm,7mm,8mm,"11,5mm",,,,Ø12,imgHastePassante/cpmeMachoMacho.png,HASTE-12,,,,42mm,,,imgTubo/mi-csm-ct.png,CTTUBO-32,,,,,,Ø6,HASTE-06,68mm,M6x1 X 12mm,M6x1 X 12mm,imgTirante/tirante.png,,,,,,,,,,,,,,,,,,,,,,,
CT2M40,93mm,,133mm,,,8mm,15mm,"M12x1,25 X ",24mm,"M8x1,25 X 24mm",,"M8x1,25 X 40mm",,,,,img/haste-cpctsai1.png,"1,5mm",7mm,8mm,15mm,,,,Ø16,imgHastePassante/cpmeMachoMacho.png,HASTE-16,,,,"45,5mm",,,imgTubo/mi-csm-ct.png,CTTUBO-40,,,,,,Ø6,HASTE-06,77mm,M6x1 X 12mm,M6x1 X 12mm,imgTirante/tirante.png,,,,,,,,,,,,,,,,,,,,,,,
CT2M50,110mm,,155mm,,,8mm,19mm,"M16x1,5 X ",32mm,"M10x1,5 X 25mm",,"M10x1,5 X 45mm",,,,,img/haste-cpctsai1.png,"1,5mm",7mm,8mm,19mm,,,,Ø20,imgHastePassante/cpmeMachoMacho.png,HASTE-20,,,,"45,5mm",,,imgTubo/mi-csm-ct.png,CTTUBO-50,,,,,,Ø8,HASTE-08,77mm,"M8x1,25 X 13mm","M8x1,25 X 13mm",imgTirante/tirante.png,,,,,,,,,,,,,,,,,,,,,,,
CT2M63,113mm,,163mm,,,,,"M16x1,5 X ",32mm,"M10x1,5 X 25mm",,"M10x1,5 X 50mm",,,,,img/haste-cpctsai1.png,"1,5mm",7mm,8mm,19mm,,,,Ø20,imgHastePassante/cpmeMachoMacho.png,HASTE-20,,,,"48,5mm",,,imgTubo/mi-csm-ct.png,CTTUBO-63,,,,,,Ø8,HASTE-08,92mm,"M8x1,25 X 13mm","M8x1,25 X 13mm",imgTirante/tirante.png,,,,,,,,,,,,,,,,,,,,,,,
CT2M80,"140,5mm",,,,,,,"M20x1,5 X ",40mm,"M12x1,75 X 24mm",,,,,,,img/haste-cpctsai1.png,"1,5mm",7mm,8mm,24mm,,,,Ø25,imgHastePassante/cpmeMachoMacho.png,HASTE-25,,,,56mm,,,imgTubo/mi-csm-ct.png,CTTUBO-80,,,,,,Ø10,HASTE-10,98mm,"M10x1,5 X 10mm","M10x1,5 X 10mm",imgTirante/tirante.png,,,,,,,,,,,,,,,,,,,,,,,
CT2M100,139mm,,199mm,,,8mm,24mm,"M20x1,5 X ",40mm,"M12x1,75 X 30mm",,"M12x1,75 X 60mm",,,,,img/haste-cpctsai1.png,"1,5mm",7mm,8mm,24mm,,,,Ø25,imgHastePassante/cpmeMachoMacho.png,HASTE-25,,,,59mm,,,imgTubo/mi-csm-ct.png,CTTUBO-100,,,,,,Ø10,HASTE-10,103mm,"M10x1,5 X 17mm","M10x1,5 X 17mm",imgTirante/tirante.png,,,,,,,,,,,,,,,,,,,,,,,
CT2M125,186mm,, 251mm,,,,,M27x2 X ,54mm,M14x2 X 30mm,,M14x2 X 65mm,,,,,img/haste-cpctsai1.png,2mm,12mm,13mm,31mm,,,,Ø32,imgHastePassante/cpmeMachoMacho.png,HASTE-32,,,,68mm,,,imgTubo/cpn-cpme.png,CPTUBO-125,,,,,,Ø12,HASTE-12,118mm,"M12x1,75 X 15mm","M12x1,75 X 15mm",imgTirante/tirante.png,,,,,,,,,,,,,,,,,,,,,,,
,,,,,,,,,,,,,,,,,,,,,,,,,,,,,,,,,,,,,,,,,,,,,,,,,,,,,,,,,,,,,,,,,,,,,
SGC160SNG,"217,5mm",,,,,13mm,39mm,M36x2 X ,72mm,M16x2 X 45mm,,,,,,,img/sai2026-1.png,2mm,12mm,13mm,13mm,,,,Ø40,,HASTE-40,,,,80mm,,,imgTubo/mi-csm-ct.png,CTTUBO-160,,,,,,Ø16,HASTE-16,108mm,M16x2 X 15mm,M16x2 X 12mm,imgTirante/tirante.png,,,,,,,,,,,,,,,,,,,,,"36,5mm",10mm,"2,5mm"
SGC200SNG,232mm,,,,,13mm,39mm,M36x2 X ,72mm,M16x2 X 45mm,,,,,,,img/haste-cpctsai1.png,,12mm,13mm,13mm,,,,Ø40,,HASTE-40,,,,80mm,,,imgTubo/mi-csm-ct.png,CTTUBO-200,,,,,,Ø16,HASTE-16,108mm,M16x2 X 15mm,M16x2 X 12mm,imgTirante/tirante.png,,,,,,,,,,,,,,,,,,,,,,,
SGC250SNG,,,,,,,,,,,,,,,,,,,,,,,,,,,,,,,,,,,,,,,,,Ø20,HASTE-20,123mm,"M20x2,5 X 20mm","M20x2,5 X 24mm",imgTirante/tirante.png,,,,,,,,,,,,,,,,,,,,,,,